line,station,col_name,feature_id,sample_non_null,missing_pct_sample,mean,std,variance,min,max
3,S29,L3_S29_F3315,3315,94410,5.59,-0.0014165035681799,0.1772789806127548,0.0314278379082679,-0.2800000011920929,0.5809999704360962
3,S29,L3_S29_F3318,3318,94410,5.59,-0.0004452592984307,0.1248781308531761,0.0155945476144552,-0.2319999933242797,0.6179999709129333
3,S29,L3_S29_F3321,3321,94410,5.59,0.0010851604165509,0.1706238836050033,0.0291125085204839,-0.238999992609024,0.7609999775886536
3,S29,L3_S29_F3324,3324,94410,5.59,-0.0001048197300406,0.1623588353395462,0.0263603925704956,-0.2280000001192093,0.6370000243186951
3,S29,L3_S29_F3327,3327,94410,5.59,-6.340421532513574e-05,0.0882076397538185,0.0077805877663195,-0.1949999928474426,0.7229999899864197
3,S29,L3_S29_F3330,3330,94410,5.59,-0.0001318822032772,0.0761489123106002,0.0057986564934253,-0.1679999977350235,0.6380000114440918
3,S29,L3_S29_F3333,3333,94410,5.59,0.0004901071661151,0.0856777355074882,0.0073406742885708,-0.453000009059906,0.453000009059906
3,S29,L3_S29_F3336,3336,94410,5.59,0.0003438727289903,0.0864728838205337,0.0074775591492652,-0.4359999895095825,0.4670000076293945
3,S29,L3_S29_F3339,3339,94410,5.59,0.0016234824433922,0.1212884038686752,0.0147108770906925,-0.5450000166893005,0.4110000133514404
3,S29,L3_S29_F3342,3342,94410,5.59,0.0018586800433695,0.118110217154026,0.013950022868812,-0.5249999761581421,0.4580000042915344
3,S29,L3_S29_F3345,3345,94410,5.59,-0.0017489354358986,0.1213309988379478,0.014721211977303,-0.4449999928474426,0.4740000069141388
3,S29,L3_S29_F3348,3348,94410,5.59,-0.0021933796815574,0.1232393085956573,0.0151879265904426,-0.5270000100135803,0.4339999854564667
3,S29,L3_S29_F3351,3351,94410,5.59,-0.0043801930733025,0.1523774415254593,0.0232188869267702,-0.4160000085830688,0.3840000033378601
3,S29,L3_S29_F3354,3354,94410,5.59,-0.0002688489621505,0.1552390903234481,0.0240991730242967,-0.2569999992847442,0.5860000252723694
3,S29,L3_S29_F3357,3357,94410,5.59,0.001308737671934,0.0987290740013122,0.0097474306821823,-0.25,0.5170000195503235
3,S29,L3_S29_F3367,3367,94410,5.59,-0.0001048197300406,0.1623588353395462,0.0263603925704956,-0.2280000001192093,0.6370000243186951
3,S29,L3_S29_F3370,3370,94410,5.59,0.0003438727289903,0.0864728838205337,0.0074775591492652,-0.4359999895095825,0.4670000076293945
3,S30,L3_S30_F3774,3774,94415,5.585,0.0010867974488064,0.1040806248784065,0.0108327772468328,-0.7630000114440918,0.2290000021457672
3,S30,L3_S30_F3764,3764,94415,5.585,-0.0006460621370933,0.1125671342015266,0.0126713598147034,-0.968999981880188,0.0289999991655349
3,S30,L3_S30_F3769,3769,94415,5.585,0.000119673932204,0.064579352736473,0.0041704927571117,-0.4799999892711639,0.3959999978542328
3,S30,L3_S30_F3804,3804,94415,5.585,0.0004092248855158,0.0861837416887283,0.0074276369996368,-0.5580000281333923,0.4280000030994415
3,S30,L3_S30_F3809,3809,94415,5.585,-0.0009762006229721,0.0941189005970954,0.00885836686939,-0.7089999914169312,0.2730000019073486
3,S30,L3_S30_F3784,3784,94415,5.585,0.0007754595135338,0.045818455517292,0.0020993310026824,-0.3319999873638153,0.1049999967217445
3,S30,L3_S30_F3799,3799,94415,5.585,-0.0005031824111938,0.1131736487150192,0.0128082744777202,-0.9739999771118164,0.025000000372529
3,S30,L3_S30_F3794,3794,94415,5.585,-0.0005639889277517,0.0590548925101757,0.0034874803386628,-0.4309999942779541,0.3569999933242798
3,S30,L3_S30_F3819,3819,94415,5.585,-0.0001924269890878,0.0410026833415031,0.0016812199028208,-0.3059999942779541,0.6940000057220459
3,S30,L3_S30_F3829,3829,94415,5.585,-0.001031435560435,0.0721634104847908,0.0052075576968491,-0.4160000085830688,0.5709999799728394
3,S33,L3_S33_F3855,3855,93969,6.031000000000001,4.51530322607141e-05,0.1078155562281608,0.0116241946816444,-0.4379999935626983,0.5170000195503235
3,S33,L3_S33_F3857,3857,93969,6.031000000000001,0.0001759622391546,0.0951290726661682,0.0090495403856039,-0.4050000011920929,0.4679999947547912
3,S33,L3_S33_F3859,3859,93969,6.031000000000001,0.0018068618373945,0.1380475461483001,0.0190571267157793,-0.5299999713897705,0.4699999988079071
3,S33,L3_S33_F3861,3861,93969,6.031000000000001,4.51530322607141e-05,0.1078155562281608,0.0116241946816444,-0.4379999935626983,0.5170000195503235
3,S33,L3_S33_F3863,3863,93969,6.031000000000001,4.51530322607141e-05,0.1078155562281608,0.0116241946816444,-0.4379999935626983,0.5170000195503235
3,S33,L3_S33_F3865,3865,93969,6.031000000000001,0.0001756962010404,0.0962758287787437,0.0092690354213118,-0.3389999866485595,0.6610000133514404
3,S36,L3_S36_F3924,3924,48014,51.986,-0.0012087932555004,0.1151574626564979,0.0132612409070134,-0.3129999935626983,0.5649999976158142
3,S36,L3_S36_F3922,3922,48014,51.986,-0.0001059690184774,0.0911680161952972,0.0083116069436073,-0.6919999718666077,0.2080000042915344
3,S36,L3_S36_F3920,3920,48014,51.986,-0.0012087932555004,0.1151574626564979,0.0132612409070134,-0.3129999935626983,0.5649999976158142
3,S36,L3_S36_F3918,3918,48014,51.986,-0.0001059690184774,0.0911680161952972,0.0083116069436073,-0.6919999718666077,0.2080000042915344
3,S35,L3_S35_F3889,3889,550000,53.4,0.0,0.05528,0.00305,-0.5,0.5
3,S35,L3_S35_F3896,3896,550000,53.4,0.0,0.14053,0.01975,-0.6,0.6
