line,station,feature,parts_analyzed,baseline_mean_meas,baseline_std_meas,baseline_defect_rate,max_abs_z_drift,peak_weekly_defect_rate,defect_spike_ratio
3,31,L3_S31_F3834,39003,-3.650999133242294e-05,0.007303799502551556,0.002717739661051714,7.652681827545166,0.0043159257660768235,1.5880571005122108
2,27,L2_S27_F3129,120729,-0.0003094219428021461,0.15550222992897034,0.006808637527023333,3.811460256576538,0.04,5.874890510948905
0,10,L0_S10_F224,224540,6.329346069833264e-05,0.07197203487157822,0.005446691012737152,3.4151978492736816,0.016829533116178068,3.089863749719234
1,25,L1_S25_F1855,55466,0.0004173905763309449,0.06512285768985748,0.0051022247863556055,3.369284152984619,0.02040816326530612,3.9998557726977713
2,26,L2_S26_F3036,227011,0.00010079830826725811,0.17323517799377441,0.0074665985348727594,2.9882802963256836,0.05263157894736842,7.048936500543394
0,13,L0_S13_F354,242065,-2.3014665202936158e-05,0.12357709556818008,0.0054654741495052984,2.9672436714172363,0.01580135440180587,2.891122338074934
0,21,L0_S21_F477,81409,-0.00010353911784477532,0.07087904959917068,0.0056627645592010716,2.7396907806396484,0.027932960893854747,4.93274276227293
0,9,L0_S9_F160,225678,0.0001570333115523681,0.06898173689842224,0.0052995861359990785,2.676116943359375,0.013793103448275862,2.6026755852842807
0,16,L0_S16_F421,119139,-0.0003211788134649396,0.14884208142757416,0.005548141246778973,2.500877857208252,0.01863932898415657,3.3595628076299993
2,28,L2_S28_F3222,9583,0.002448609797284007,0.1924668848514557,0.006991547532088072,2.461989164352417,0.3333333333333333,47.67661691542288
0,4,L0_S4_F104,335295,3.451659722486511e-05,0.05618099495768547,0.005368406925244934,2.33388352394104,0.019279738086576938,3.591333212077119
0,5,L0_S5_F114,339512,6.560211477335542e-05,0.1298244297504425,0.005334126628808407,2.199678897857666,0.013019891500904159,2.4408665948398527
0,0,L0_S0_F0,673862,5.4560299759032205e-05,0.08021435886621475,0.0053542119899920165,2.17912220954895,0.01607599561563756,3.002495165616618
0,22,L0_S22_F551,80599,-0.00037298243842087686,0.08699208498001099,0.005310239581136242,2.0422534942626953,0.017204301075268817,3.2398351924429707
0,20,L0_S20_F461,242111,-0.0002596949343569577,0.3975343704223633,0.005464435734022824,2.020604372024536,0.01580135440180587,2.891671742687544
3,40,L3_S40_F3984,59914,-0.000256065686699003,0.12220911681652069,0.0050739393130153215,2.000791549682617,0.01652892561983471,3.257612005219661
0,12,L0_S12_F330,242061,-0.0001335617562290281,0.07032515108585358,0.0054655644651554775,1.9412117004394531,0.01580135440180587,2.891074563760794
0,2,L0_S2_F32,339774,-3.1673527701059356e-05,0.05500458553433418,0.0053476722762777614,1.9101642370224,0.015473191795609931,2.893444286825299
3,49,L3_S49_F4216,29673,6.393017974914983e-05,0.007368600461632013,0.005156202608431908,1.8618577718734741,0.017699115044247787,3.4325871941697033
0,17,L0_S17_F431,123027,-8.136235010169912e-07,0.1574774831533432,0.005380932640802426,1.8019993305206299,0.017341040462427744,3.222683058868728
0,3,L0_S3_F68,334708,-0.0003108017554040998,0.04733109846711159,0.0053539204321378635,1.789529800415039,0.01670998886000743,3.121075307675986
1,24,L1_S24_F1829,132922,-0.00030942217563278973,0.11306650191545486,0.008967665247287883,1.7156819105148315,0.375,41.81690436241611
0,1,L0_S1_F28,673904,-0.00016573822358623147,0.10719264298677444,0.005350910515444336,1.6803961992263794,0.01607893294354102,3.004896624066575
0,15,L0_S15_F394,121445,-0.00027798625524155796,0.05002879351377487,0.005269875252171765,1.6408193111419678,0.019933554817275746,3.782547757475083
0,19,L0_S19_F453,121027,-0.0002659606107044965,0.14227981865406036,0.00552769216786337,1.4884949922561646,0.013793103448275862,2.495273439513427
0,8,L0_S8_F144,673881,-0.0006749499589204788,0.23270823061466217,0.005351093145525693,1.4768491983413696,0.01609069299689157,3.006991760243563
0,7,L0_S7_F136,335698,8.645262278150767e-05,0.23513540625572205,0.0053768565794255554,1.430293321609497,0.01708132194578537,3.176823055155821
0,18,L0_S18_F435,121081,-0.00018219130288343877,0.04896215349435806,0.00540134290268498,1.3909573554992676,0.018292682926829267,3.3866916536137834
3,43,L3_S43_F4060,30551,1.5220451132336166e-05,0.0006374436197802424,0.005204412294196589,1.389949083328247,0.014778325123152709,2.8395761687889207
0,6,L0_S6_F118,338988,-0.00027866289019584656,0.24626438319683075,0.005324672259785007,1.357809066772461,0.01592583788923223,2.990951764207787
0,14,L0_S14_F358,120625,0.0004884937661699951,0.05911609157919884,0.0056455958549222795,1.314131736755371,0.016873889875666074,2.9888589812807935
0,11,L0_S11_F282,225452,-3.255287811043672e-05,0.11267853528261185,0.005291592001845182,1.2991124391555786,0.017683970336565887,3.3418998158587194
0,23,L0_S23_F619,80290,-6.521350587718189e-05,0.04499553143978119,0.005405405405405406,1.2873443365097046,0.018893387314439947,3.49527665317139
3,50,L3_S50_F4241,30359,-9.534544460620964e-07,0.12407658249139786,0.005204387496294345,1.2512383460998535,0.015503875968992248,2.97900107938377
3,48,L3_S48_F4193,59923,-0.0004670789057854563,0.4171406328678131,0.005056489161090066,1.2454622983932495,0.016597510373443983,3.2824178683428507
3,47,L3_S47_F4138,59955,-0.0004659994156099856,0.10128509998321533,0.005070469518805771,1.2173703908920288,0.016597510373443983,3.273367547499454
3,44,L3_S44_F4100,29804,2.0299288735259324e-05,0.0016495255986228585,0.0048986713192860016,1.200163722038269,0.02459016393442623,5.019761958230407
3,51,L3_S51_F4256,59853,-2.171988398913527e-06,0.0007160666864365339,0.005045695286785959,1.1916553974151611,0.015503875968992248,3.0726936701062684
3,33,L3_S33_F3855,1114695,-0.00012017809058306739,0.10711550712585449,0.004975352002117171,1.183111310005188,0.012952380952380953,2.6033094637061462
3,32,L3_S32_F3850,24543,2.86441900243517e-05,0.045050859451293945,0.045063765635822844,1.172400951385498,0.23214285714285715,5.1514305089124255
3,39,L3_S39_F3964,59908,2.295186095579993e-05,0.004117846023291349,0.005057755224677839,1.0789785385131836,0.01652892561983471,3.268035894498541
3,38,L3_S38_F3952,27142,0.0002889986790250987,0.010270537808537483,0.007810772971778056,0.9646236300468445,0.040372670807453416,5.1688444861127385
3,41,L3_S41_F3996,59913,1.2518151379481424e-05,0.0028240294195711613,0.005074024001468796,0.8561888337135315,0.016597510373443983,3.271074470408386
3,29,L3_S29_F3315,1119629,0.00020594503439497203,0.1772202104330063,0.005846579536614361,0.7638320922851562,0.016319592010199745,2.7913059093779298
3,35,L3_S35_F3898,552108,1.7315454670097097e-06,0.0005739369080401957,0.005754308939555305,0.720779538154602,0.01637084266758573,2.8449711059223866
3,30,L3_S30_F3724,1119811,1.9396138668525964e-06,0.0013021946651861072,0.0058500943462780775,0.5713292956352234,0.0163948280233246,2.8024895074991822
3,36,L3_S36_F3926,569032,5.521658295037923e-06,0.0017627173801884055,0.005959243065416356,0.5628728866577148,0.016317784737102357,2.7382311072022496
3,45,L3_S45_F4124,59932,-0.0006120267207734287,0.1675642877817154,0.005072415404124675,0.37621304392814636,0.01652892561983471,3.2585906916050456
3,37,L3_S37_F3944,1120394,7.363481131505978e-07,0.00018776053912006319,0.005851512949908693,0.3291720449924469,0.016351989211058664,2.7944891092335054
3,34,L3_S34_F3876,1115118,3.0660432912554825e-06,0.001325409160926938,0.005127708457759627,0.12626966834068298,0.013593882752761258,2.651063894280103
