line,station,parts_count,mean_duration_units,median_duration_units,p90_duration_units,p99_duration_units,max_duration_units,zero_duration_pct,min_entry_time,max_entry_time,mean_entry_time,mean_duration_minutes,median_duration_minutes,p90_duration_minutes,p99_duration_minutes,max_duration_hours
0,0,673862,0.0,0.0,0.0,0.0,0.0,100.0,0.0,1713.71,882.2291,0.0,0.0,0.0,0.0,0.0
0,1,673904,0.0,0.0,0.0,0.0,0.0,100.0,0.01,1713.71,882.22656,0.0,0.0,0.0,0.0,0.0
0,2,339774,0.0,0.0,0.0,0.0,0.0,100.0,0.01,1713.71,882.82324,0.0,0.0,0.0,0.0,0.0
0,3,334708,0.0,0.0,0.0,0.0,0.0,100.0,0.01,1713.71,881.6954,0.0,0.0,0.0,0.0,0.0
0,4,335295,0.0,0.0,0.0,0.0,0.0,100.0,0.08,1713.72,886.0256,0.0,0.0,0.0,0.0,0.0
0,5,339512,0.0,0.0,0.0,0.0,0.0,100.0,0.08,1713.72,878.51855,0.0,0.0,0.0,0.0,0.0
0,6,338988,0.0,0.0,0.0,0.0,0.0,100.0,0.08,1713.73,882.16766,0.0,0.0,0.0,0.0,0.0
0,7,335698,0.0,0.0,0.0,0.0,0.0,100.0,0.23,1713.73,882.38043,0.0,0.0,0.0,0.0,0.0
0,8,673881,0.0,0.0,0.0,0.0,0.0,100.0,0.08,1713.73,882.2908,0.0,0.0,0.0,0.0,0.0
0,9,225679,0.0,0.0,0.0,0.0,0.0,100.0,0.23,1713.73,881.3636,0.0,0.0,0.0,0.0,0.0
0,10,224540,0.0,0.0,0.0,0.0,0.0,100.0,0.23,1713.73,882.5875,0.0,0.0,0.0,0.0,0.0
0,11,225452,0.0,0.0,0.0,0.0,0.0,100.0,0.23,1713.73,882.43176,0.0,0.0,0.0,0.0,0.0
0,12,242061,0.0,0.0,0.0,0.0,0.0,100.0,18.76,1665.41,775.852,0.0,0.0,0.0,0.0,0.0
0,13,242065,0.0,0.0,0.0,0.0,0.0,100.0,18.77,1665.41,775.8639,0.0,0.0,0.0,0.0,0.0
0,14,120625,0.0,0.0,0.0,0.0,0.0,100.0,18.77,1665.42,775.07855,0.0,0.0,0.0,0.0,0.0
0,15,121445,0.0,0.0,0.0,0.0,0.0,100.0,18.77,1665.42,776.5741,0.0,0.0,0.0,0.0,0.0
0,16,119139,0.0,0.0,0.0,0.0,0.0,100.0,18.79,1665.45,778.02655,0.0,0.0,0.0,0.0,0.0
0,17,123027,0.0,0.0,0.0,0.0,0.0,100.0,18.79,1665.45,773.7943,0.0,0.0,0.0,0.0,0.0
0,18,121081,0.0,0.0,0.0,0.0,0.0,100.0,18.79,1665.44,775.77924,0.0,0.0,0.0,0.0,0.0
0,19,121027,0.0,0.0,0.0,0.0,0.0,100.0,18.79,1665.45,776.2106,0.0,0.0,0.0,0.0,0.0
0,20,242111,0.0,0.0,0.0,0.0,0.0,100.0,18.8,1665.45,775.99963,0.0,0.0,0.0,0.0,0.0
0,21,81409,0.0,0.0,0.0,0.0,0.0,100.0,18.8,1665.45,777.7794,0.0,0.0,0.0,0.0,0.0
0,22,80601,0.0,0.0,0.0,0.0,0.0,100.0,18.8,1665.45,772.58936,0.0,0.0,0.0,0.0,0.0
0,23,80290,0.0,0.0,0.0,0.0,0.0,100.0,18.8,1665.45,778.02844,0.0,0.0,0.0,0.0,0.0
1,24,183727,0.09143216,0.029968262,0.060058594,0.13995361,284.74,0.24819434,0.43,1676.43,834.3458,55.023052,18.03463,36.142723,84.222824,2855.8997
1,25,83658,2.2462895,0.11999512,8.690021,19.069946,312.38004,0.10758086,152.27,1444.57,850.91,1351.7969,72.21198,5229.576,11476.122,3133.1252
2,26,227011,0.0,0.0,0.0,0.0,0.0,100.0,2.34,1693.84,878.0709,0.0,0.0,0.0,0.0,0.0
2,27,120729,0.0,0.0,0.0,0.0,0.0,100.0,0.6,1680.2,913.83,0.0,0.0,0.0,0.0,0.0
2,28,9583,0.0,0.0,0.0,0.0,0.0,100.0,16.32,1693.32,845.677,0.0,0.0,0.0,0.0,0.0
3,29,1119629,0.0,0.0,0.0,0.0,0.0,100.0,0.38,1718.43,849.92377,0.0,0.0,0.0,0.0,0.0
3,30,1119811,0.0,0.0,0.0,0.0,0.0,100.0,0.4,1718.43,849.8555,0.0,0.0,0.0,0.0,0.0
3,31,39003,0.0,0.0,0.0,0.0,0.0,100.0,24.33,179.36,114.06556,0.0,0.0,0.0,0.0,0.0
3,32,24543,0.0,0.0,0.0,0.0,0.0,100.0,0.52,1718.46,862.9975,0.0,0.0,0.0,0.0,0.0
3,33,1114695,0.0,0.0,0.0,0.0,0.0,100.0,0.44,1718.46,850.1562,0.0,0.0,0.0,0.0,0.0
3,34,1115118,0.0,0.0,0.0,0.0,0.0,100.0,0.44,1718.47,850.0163,0.0,0.0,0.0,0.0,0.0
3,35,552108,0.0,0.0,0.0,0.0,0.0,100.0,0.45,1718.48,848.5665,0.0,0.0,0.0,0.0,0.0
3,36,569032,0.0,0.0,0.0,0.0,0.0,100.0,0.45,1718.48,851.2021,0.0,0.0,0.0,0.0,0.0
3,37,1120394,0.0,0.0,0.0,0.0,0.0,100.0,0.46,1718.48,850.00256,0.0,0.0,0.0,0.0,0.0
3,38,27142,0.0,0.0,0.0,0.0,0.0,100.0,0.68,1718.05,848.55286,0.0,0.0,0.0,0.0,0.0
3,39,59908,0.0,0.0,0.0,0.0,0.0,100.0,0.39,1457.48,1021.7904,0.0,0.0,0.0,0.0,0.0
3,40,59914,0.0,0.0,0.0,0.0,0.0,100.0,0.59,1457.48,1021.8045,0.0,0.0,0.0,0.0,0.0
3,41,59913,0.0,0.0,0.0,0.0,0.0,100.0,0.59,1457.48,1021.9169,0.0,0.0,0.0,0.0,0.0
3,42,15,0.0,0.0,0.0,0.0,0.0,100.0,0.62,1456.1,1019.47797,0.0,0.0,0.0,0.0,0.0
3,43,30551,0.0,0.0,0.0,0.0,0.0,100.0,0.6,1457.49,1021.00635,0.0,0.0,0.0,0.0,0.0
3,44,29804,0.0,0.0,0.0,0.0,0.0,100.0,0.6,1457.49,1021.5619,0.0,0.0,0.0,0.0,0.0
3,45,59932,0.0,0.0,0.0,0.0,0.0,100.0,0.61,1457.49,1021.66766,0.0,0.0,0.0,0.0,0.0
3,46,1,0.0,0.0,0.0,0.0,0.0,100.0,570.43,570.43,570.43,0.0,0.0,0.0,0.0,0.0
3,47,59955,0.0,0.0,0.0,0.0,0.0,100.0,0.66,1457.51,1021.7827,0.0,0.0,0.0,0.0,0.0
3,48,59923,0.0,0.0,0.0,0.0,0.0,100.0,0.67,1457.51,1021.8384,0.0,0.0,0.0,0.0,0.0
3,49,29673,0.0,0.0,0.0,0.0,0.0,100.0,0.68,1457.51,1024.5895,0.0,0.0,0.0,0.0,0.0
3,50,30359,0.0,0.0,0.0,0.0,0.0,100.0,0.68,1457.51,1018.78217,0.0,0.0,0.0,0.0,0.0
3,51,59853,0.0,0.0,0.0,0.0,0.0,100.0,0.68,1457.51,1023.1065,0.0,0.0,0.0,0.0,0.0
