station,line,total_parts,active_weeks,mean_parts_per_week,median_parts_per_week,peak_parts_per_week,min_parts_per_week,std_parts_per_week,mean_parts_per_hour,peak_parts_per_hour
0,0,673862,85,7927.788235294118,8158.0,15966,1241,4014.05447887591,47.18921568627451,95.03571428571429
1,0,673904,85,7928.282352941176,8157.0,15961,1237,4014.6270140804954,47.192156862745094,95.00595238095238
2,0,339774,85,3997.3411764705884,4127.0,8114,632,2026.5155854143263,23.793697478991596,48.29761904761905
3,0,334708,85,3937.741176470588,4056.0,7987,609,1994.9735835041902,23.438935574229692,47.541666666666664
4,0,335295,85,3944.6470588235293,4050.0,8245,622,2005.5182782577103,23.48004201680672,49.07738095238095
5,0,339512,85,3994.258823529412,4077.0,8149,631,2018.9598285641403,23.775350140056023,48.50595238095238
6,0,338988,85,3988.0941176470587,4137.0,8060,612,2023.0553015034402,23.738655462184873,47.976190476190474
7,0,335698,85,3949.3882352941177,4055.0,7959,645,1998.1786891240404,23.508263305322128,47.375
8,0,673881,85,7928.011764705882,8168.0,15911,1254,4016.3107523427207,47.1905462184874,94.70833333333333
9,0,225679,85,2655.0470588235294,2777.0,5380,391,1346.02441874371,15.803851540616247,32.023809523809526
10,0,224540,85,2641.6470588235293,2649.0,5257,422,1338.822623354835,15.724089635854341,31.291666666666668
11,0,225452,85,2652.3764705882354,2720.0,5378,421,1342.4614207143695,15.78795518207283,32.01190476190476
12,0,242061,71,3409.3098591549297,3009.0,9475,134,2245.640707755802,20.29351106639839,56.398809523809526
13,0,242065,71,3409.3661971830984,3009.0,9475,130,2245.5562418724844,20.293846411804157,56.398809523809526
14,0,120625,71,1698.943661971831,1524.0,4722,61,1126.2491590271025,10.112759892689471,28.107142857142858
15,0,121445,71,1710.4929577464789,1484.0,4751,62,1119.4763300405805,10.181505700871899,28.279761904761905
16,0,119139,71,1678.0140845070423,1440.0,4631,51,1108.9565429197426,9.98817907444668,27.56547619047619
17,0,123027,71,1732.774647887324,1518.0,4873,55,1138.399279655217,10.314134808853119,29.00595238095238
18,0,121081,71,1705.3661971830986,1493.0,4690,50,1119.1524246938793,10.150989268947015,27.916666666666668
19,0,121027,71,1704.605633802817,1516.0,4785,48,1126.7101855639369,10.14646210596915,28.482142857142858
20,0,242111,71,3410.0140845070423,3009.0,9476,98,2245.055019961857,20.29770288397049,56.404761904761905
21,0,81409,71,1146.605633802817,1023.0,3173,35,749.1792362097383,6.8250335345405775,18.886904761904763
22,0,80601,71,1135.225352112676,995.0,3111,30,748.9645651961893,6.757293762575453,18.517857142857142
23,0,80290,71,1130.8450704225352,992.0,3197,28,749.192110550469,6.731220657276995,19.029761904761905
24,1,183727,97,1894.0927835051546,30.0,11945,1,3446.9446980939806,11.274361806578302,71.10119047619048
25,1,83658,71,1178.281690140845,83.0,13302,1,2281.2881209846496,7.0135814889336014,79.17857142857143
26,2,227011,87,2609.32183908046,642.0,14233,1,3908.1597063789527,15.531677613574166,84.7202380952381
27,2,120729,73,1653.8219178082193,300.0,9099,1,2412.6428820236956,9.844178082191782,54.160714285714285
28,2,9583,28,342.25,127.5,2406,1,569.0633385953915,2.037202380952381,14.321428571428571
29,3,1119629,102,10976.754901960785,10996.0,18730,1071,3881.588348556426,65.33782679738563,111.48809523809524
30,3,1119811,102,10978.539215686274,11004.0,18742,1081,3881.7001855024905,65.3484477124183,111.55952380952381
31,3,39003,9,4333.666666666667,4634.0,8490,35,3012.057892869923,25.79563492063492,50.535714285714285
32,3,24543,102,240.61764705882354,230.5,526,34,102.91456074924885,1.4322478991596639,3.130952380952381
33,3,1114695,102,10928.382352941177,10971.5,18645,1088,3867.8082417479054,65.0498949579832,110.98214285714286
34,3,1115118,102,10932.529411764706,10985.5,18656,1101,3868.4984364210004,65.07457983193278,111.04761904761905
35,3,552108,102,5412.823529411765,5380.5,9069,504,1905.7662600268497,32.21918767507003,53.982142857142854
36,3,569032,102,5578.745098039216,5604.0,9675,619,1982.648786752056,33.20681605975724,57.589285714285715
37,3,1120394,102,10984.254901960785,11037.0,18732,1126,3880.496275004302,65.38246965452848,111.5
38,3,27142,94,288.74468085106383,226.5,1062,7,230.80326939831414,1.7187183383991895,6.321428571428571
39,3,59908,30,1996.9333333333334,1271.0,8680,242,2063.951899555356,11.886507936507936,51.666666666666664
40,3,59914,30,1997.1333333333334,1268.5,8683,242,2064.1613264493635,11.887698412698413,51.68452380952381
41,3,59913,30,1997.1,1268.0,8683,241,2064.4730704518015,11.8875,51.68452380952381
42,3,15,11,1.3636363636363635,1.0,3,1,0.674199862463242,0.008116883116883116,0.017857142857142856
43,3,30551,30,1018.3666666666667,653.0,4398,127,1047.1817838874715,6.061706349206349,26.178571428571427
44,3,29804,30,993.4666666666667,625.5,4316,122,1026.2867359407,5.913492063492064,25.69047619047619
45,3,59932,30,1997.7333333333333,1262.0,8679,242,2063.410550242141,11.89126984126984,51.660714285714285
46,3,1,1,1.0,1.0,1,1,,0.005952380952380952,0.005952380952380952
47,3,59955,30,1998.5,1248.5,8681,241,2063.48131931753,11.895833333333334,51.67261904761905
48,3,59923,30,1997.4333333333334,1248.5,8679,241,2062.4055202323952,11.889484126984128,51.660714285714285
49,3,29673,30,989.1,600.0,4343,113,1022.629044213475,5.8875,25.851190476190474
50,3,30359,30,1011.9666666666667,605.0,4348,129,1045.150491831063,6.023611111111111,25.88095238095238
51,3,59853,30,1995.1,1246.5,8683,129,2066.420882956142,11.875595238095238,51.68452380952381
