week_idx,total_parts,defects,defect_rate,defect_rate_pct,rolling_3wk_rate_pct,relative_to_baseline,is_defect_spike
0,15435,74,0.004794298671849692,0.4794298671849692,0.3672468165632273,0.8250089649521817,False
1,6665,17,0.0025506376594148536,0.25506376594148533,0.33698861588963097,0.4389169468555538,False
2,7234,20,0.002764722145424385,0.27647221454243853,0.27591887126106956,0.4757568753422997,False
3,9790,29,0.0029622063329928497,0.29622063329928494,0.2899019155625387,0.5097402035268624,False
4,11784,35,0.0029701289884589274,0.2970128988458927,0.29910014228733844,0.5111035440763614,False
5,5262,16,0.003040668947168377,0.3040668947168377,0.2584617118362661,0.5232421491792012,False
6,9753,17,0.0017430534194606787,0.17430534194606787,0.23436377926216703,0.29994683182531184,False
7,6675,15,0.0022471910112359553,0.22471910112359553,0.22609201625546538,0.38669946474451644,False
8,7162,20,0.0027925160569673277,0.27925160569673274,0.2949743625909031,0.4805396867112812,False
9,9450,36,0.0038095238095238095,0.38095238095238093,0.43881873858891324,0.655547664043085,False
10,14019,92,0.0065625222911762605,0.656252229117626,0.6835136831384716,1.1292871165304588,False
11,17171,174,0.010133364393454079,1.0133364393454078,0.8598697061202615,1.7437621312193758,False
12,9780,89,0.009100204498977506,0.9100204498977505,0.9153061937900228,1.5659746729250075,False
13,13616,112,0.008225616921269096,0.8225616921269095,0.7012820988235161,1.4154745389884473,False
14,16161,60,0.0037126415444588825,0.37126415444588823,0.6300562522567843,0.6388760416235745,False
15,19387,135,0.0069634291019755505,0.696342910197555,0.5391221816236146,1.1982756664015486,False
16,16007,88,0.005497594802274005,0.5497594802274005,0.6576348204376826,0.9460330505026089,False
17,10044,73,0.007268020708880924,0.7268020708880923,0.7516161187246505,1.2506901744549597,False
18,4191,41,0.009782868050584585,0.9782868050584586,0.8481188080893386,1.683448278278144,False
19,11796,99,0.00839267548321465,0.8392675483214649,1.0250730754540094,1.444222187124421,False
20,15982,201,0.012576648729821048,1.257664872982105,0.9910282175845948,2.1642055827852125,True
21,10957,96,0.008761522314502146,0.8761522314502146,1.103499501501332,1.5076938152674766,False
22,16742,197,0.01176681400071676,1.176681400071676,0.8879438649540043,2.0248482007423263,True
23,12275,75,0.006109979633401222,0.6109979633401221,0.8249132421907586,1.0514130049570862,False
24,6113,42,0.006870603631604777,0.6870603631604777,0.5872823747391106,1.1823021423319173,False
25,2803,13,0.00463788797716732,0.46378879771673204,1.075486908332927,0.7980936152504556,False
26,2698,56,0.020756115641215715,2.0756115641215716,1.1004268423758534,3.5717385698418638,True
27,7744,59,0.007618801652892562,0.7618801652892562,1.107242391815159,1.3110530019198448,False
28,9293,45,0.004842354460346497,0.48423544603464974,0.635557963203572,0.8332784656740493,False
29,4693,31,0.0066055827828681015,0.6605582782868101,0.508624733183743,1.1366970202750062,False
30,8922,34,0.0038108047522976913,0.3810804752297691,0.5547712767800425,0.6557680902919225,False
31,12366,77,0.006226750768235484,0.6226750768235484,0.559304285141368,1.0715071291825047,False
32,8455,57,0.006741573033707865,0.6741573033707865,0.578778287794455,1.1600983942335492,False
33,22753,100,0.0043950248318903005,0.43950248318903007,0.5531955123235289,0.7563014187637226,False
34,18867,103,0.005459267504107701,0.5459267504107701,0.5585247890205634,0.939437640672333,False
35,9853,68,0.006901451334618898,0.6901451334618898,0.6712885062697174,1.1876104539905679,False
36,14014,109,0.007777936349364921,0.7777936349364921,0.6992336194251797,1.338437101286768,False
37,12862,81,0.006297620898771575,0.6297620898771574,0.6205455927605645,1.0837025506698874,False
38,8809,40,0.004540810534680441,0.45408105346804406,0.6518675737433458,0.7813884064538985,False
39,8718,76,0.008717595778848359,0.8717595778848359,0.7436060023061636,1.5001348815851736,False
40,27625,250,0.00904977375565611,0.904977375565611,1.0477242244116323,1.5572964869801793,False
41,25980,355,0.013664357197844496,1.3664357197844497,1.1142505461098808,2.351379828445534,True
42,15868,170,0.010713385429795816,1.0713385429795816,1.1978206323021154,1.8435728830301654,False
43,6057,70,0.011556876341423147,1.1556876341423148,0.9235483753750873,1.9887218634293686,False
44,11589,63,0.005436189490033653,0.5436189490033653,0.7685550513686735,0.9354663468903717,False
45,12204,74,0.006063585709603409,0.6063585709603408,0.8272914979384782,1.043429480009581,False
46,10211,136,0.013318969738517285,1.3318969738517286,0.9883873627853638,2.2919451186307054,True
47,12562,129,0.010269065435440216,1.0269065435440217,1.1078808520892103,1.7671137377534598,False
48,10779,104,0.009648390388718805,0.9648390388718805,0.978422688785315,1.6603071925388457,False
49,14944,141,0.009435224839400428,0.9435224839400428,0.999290770368341,1.6236253958374385,False
50,4681,51,0.010895107882930999,1.0895107882930999,0.6776777574110476,1.8748439120651144,False
51,4,0,0.0,0.0,0.8862060962831736,0.0,False
52,8986,141,0.01569107500556421,1.569107500556421,0.8456691750200731,2.700139986133394,True
53,16324,158,0.009679000245037981,0.9679000245037981,1.1405674351203385,1.6655745752381126,False
54,13564,120,0.008846947803007963,0.8846947803007963,0.7967783281628359,1.5223939411204053,False
55,15249,82,0.005377401796839137,0.5377401796839136,0.677508621176446,0.9253500864664832,False
56,16391,100,0.006100909035446281,0.6100909035446281,0.5820201082246212,1.049852125015617,False
57,20895,125,0.0059822924144532184,0.5982292414453219,0.5277136675560885,1.0294404272033368,False
58,27213,102,0.003748208576783155,0.37482085767831547,0.4832087917188721,0.6449964614248189,False
59,20983,100,0.004765762760329791,0.4765762760329791,0.36925916965297817,0.8200984692909012,False
60,8581,22,0.0025638037524764014,0.2563803752476401,0.2856633071271017,0.4411825847627101,False
61,13706,17,0.0012403327010068583,0.12403327010068582,0.17305927595467965,0.2134380162550902,False
62,12251,17,0.0013876418251571301,0.138764182515713,0.1356529711508451,0.23878715621518787,False
63,2081,3,0.0014416146083613647,0.14416146083613646,0.8189462289433701,0.24807486085244082,False
64,46,1,0.021739130434782608,2.1739130434782608,0.8528980332575675,3.740896995898039,False
65,13299,32,0.0024061959545830514,0.24061959545830514,0.8784764933705791,0.41406123602992057,False
66,13581,30,0.002208968411751712,0.22089684117517122,0.19522097649835102,0.38012207159555955,False
67,14499,18,0.0012414649286157666,0.12414649286157665,0.21001565378521367,0.21363285141068875,False
68,19298,55,0.0028500362731889313,0.2850036273188931,0.2219906500120025,0.4904378380983541,False
69,21805,56,0.002568218298555377,0.2568218298555377,0.27112993692660164,0.4419422454223044,False
70,13993,38,0.002715643536053741,0.2715643536053741,0.40218128503985745,0.46731136631385495,False
71,3539,24,0.006781576716586606,0.6781576716586606,0.40949847410566725,1.1669822784604225,False
72,12555,35,0.0027877339705296694,0.27877339705296694,0.4143995482329432,0.4797167792429982,False
73,11877,34,0.0028626757598720215,0.28626757598720215,0.2708930792459862,0.49261285691542755,False
74,10903,27,0.002476382646977896,0.24763826469778957,0.32400731381723163,0.4261390506195876,False
75,12782,56,0.004381161007667032,0.43811610076670315,0.44764283887151585,0.7539157143978523,False
76,3652,24,0.0065717415115005475,0.6571741511500547,0.5815685926477779,1.1308735715967784,False
77,10009,65,0.006494155260265761,0.649415526026576,0.531738154984174,1.1175224315850871,False
78,5890,17,0.0028862478777589135,0.28862478777589134,0.4974686477111496,0.49666917670496885,False
79,7937,44,0.005543656293309815,0.5543656293309815,0.4261815129131314,0.9539593700009614,False
80,6199,27,0.004355541216325214,0.4355541216325214,0.5055184532109117,0.7495070283764098,False
81,14811,78,0.005266356086692323,0.5266356086692323,0.5054229142899624,0.9062412005456866,False
82,22199,123,0.005540790125681337,0.5540790125681337,0.5142066187211206,0.9534661562588903,False
83,20134,93,0.004619052349259958,0.4619052349259958,0.4412760363625097,0.7948523566331483,False
84,16242,50,0.0030784386159339984,0.3078438615933998,0.33949718838340215,0.5297416014385845,False
85,18091,45,0.002487424686308109,0.2487424686308109,0.23799996803925827,0.42803917868050084,False
86,16517,26,0.001574135738935642,0.1574135738935642,0.20715813536827057,0.2708792642183238,False
87,9753,21,0.002153183635804368,0.2153183635804368,0.41365165810841514,0.3705225569606793,False
88,5183,45,0.008682230368512445,0.8682230368512446,0.564923655628376,1.494049157150095,False
89,7035,43,0.00611229566453447,0.6112295664534471,0.6855364489751968,1.05181155051689,False
90,9876,57,0.005771567436208992,0.5771567436208992,0.6076276290440952,0.9931786070519095,False
91,5989,38,0.006344965770579396,0.6344965770579396,0.5775324663089219,1.091849715950872,False
92,9406,49,0.005209440782479269,0.5209440782479269,0.44755510830313017,0.8964471431803296,False
93,9080,17,0.0018722466960352422,0.1872246696035242,0.3151677660950143,0.32217857387580023,False
94,10955,26,0.0023733455043359196,0.23733455043359197,0.3745491219779242,0.40840828910032445,False
95,9870,69,0.006990881458966565,0.6990881458966566,0.44873595651920567,1.202999702632257,False
96,8053,33,0.004097851732273687,0.4097851732273687,0.4875805814698442,0.7051634968053176,False
97,12434,44,0.003538684252855075,0.3538684252855075,0.3572206040217458,0.6089412513831133,False
98,11688,36,0.003080082135523614,0.3080082135523614,0.3640332723705327,0.5300244203633772,False
99,11157,48,0.004302231782737295,0.4302231782737295,0.28805865873632075,0.7403334737781546,False
100,1588,2,0.0012594458438287153,0.12594458438287154,0.3300208689883071,0.21672702998905516,False
101,3918,17,0.004338948443083206,0.4338948443083206,0.2156871362100455,0.7466517230199762,False
102,2293,2,0.0008722197993894462,0.08722197993894462,0.2605584121236325,0.15009268365574338,False
