route,line_sequence,part_count,num_stations,defect_count,defect_rate,volume_pct,defect_rate_pct,relative_risk
S24->S26->S29->S30->S33->S34->S35->S37->S38,L1->L2->L3,677,9,16,0.0236336779911373,0.0572194072677944,2.36336779911373,4.066913129957087
S29->S30->S33->S34->S36->S37,L3,876,6,16,0.0182648401826484,0.0740387012800412,1.82648401826484,3.1430367454120507
S0->S1->S3->S4->S6->S8->S9->S27->S29->S30->S33->S34->S36->S37,L0->L2->L3,791,14,11,0.0139064475347661,0.0668545807220463,1.39064475347661,2.3930390390953287
S29->S30->S33->S34->S35->S37,L3,820,6,11,0.0134146341463414,0.0693056336183034,1.34146341463414,2.308407170639511
S0->S1->S2->S5->S7->S8->S10->S27->S29->S30->S33->S34->S35->S37,L0->L2->L3,771,14,10,0.0129701686121919,0.0651641994142828,1.2970168612191901,2.231922980691427
S24->S29->S30->S33->S34->S35->S37,L1->L3,5684,7,73,0.0128430682617874,0.4804063676663864,1.28430682617874,2.210051392017161
S0->S1->S2->S4->S6->S8->S11->S27->S29->S30->S33->S34->S36->S37,L0->L2->L3,834,14,10,0.0119904076738609,0.0704889005337379,1.19904076738609,2.063324482149995
S0->S1->S3->S5->S6->S8->S10->S26->S29->S30->S33->S34->S36->S37,L0->L2->L3,939,14,11,0.0117145899893503,0.0793634023994962,1.1714589989350301,2.0158614269695376
S0->S1->S3->S5->S7->S8->S10->S27->S29->S30->S33->S34->S36->S37,L0->L2->L3,811,14,9,0.0110974106041923,0.0685449620298098,1.1097410604192302,1.909656419607621
S0->S1->S2->S5->S6->S8->S11->S27->S29->S30->S33->S34->S36->S37,L0->L2->L3,812,14,9,0.0110837438423645,0.068629481095198,1.10837438423645,1.9073046259874182
S0->S1->S2->S4->S6->S8->S10->S27->S29->S30->S33->S34->S36->S37,L0->L2->L3,820,14,9,0.0109756097560975,0.0693056336183034,1.09756097560975,1.8886967759777797
S24->S26->S29->S30->S33->S34->S36->S37->S38,L1->L2->L3,552,9,6,0.0108695652173913,0.0466545240942725,1.0869565217391302,1.8704484979490188
S0->S1->S3->S5->S7->S8->S11->S26->S29->S30->S33->S34->S35->S37,L0->L2->L3,840,14,9,0.0107142857142857,0.0709960149260669,1.07142857142857,1.8437278051211738
S24->S29->S30->S33->S34->S36->S37,L1->L3,5736,7,61,0.0106345885634588,0.4848013590665714,1.06345885634588,1.8300134188441148
S0->S1->S3->S5->S7->S8->S9->S27->S29->S30->S33->S34->S36->S37,L0->L2->L3,757,14,8,0.0105680317040951,0.0639809324988484,1.05680317040951,1.8185602305026114
S0->S1->S2->S4->S7->S8->S10->S27->S29->S30->S33->S34->S35->S37,L0->L2->L3,771,14,8,0.0103761348897535,0.0651641994142828,1.03761348897535,1.785538384553138
S0->S1->S3->S5->S7->S8->S10->S26->S29->S30->S33->S34->S36->S37,L0->L2->L3,889,14,9,0.0101237345331833,0.0751374491300875,1.01237345331833,1.7421050127129136
S0->S1->S2->S4->S7->S8->S10->S27->S29->S30->S33->S34->S36->S37,L0->L2->L3,806,14,8,0.009925558312655,0.068122366702869,0.9925558312655001,1.7080025986234073
S0->S1->S3->S4->S6->S8->S11->S26->S29->S30->S33->S34->S36->S37,L0->L2->L3,908,14,9,0.0099118942731277,0.0767433113724628,0.99118942731277,1.70565127346011
S0->S1->S2->S5->S6->S8->S9->S27->S29->S30->S33->S34->S36->S37,L0->L2->L3,809,14,8,0.0098887515451174,0.0683759238990335,0.98887515451174,1.7016688436223415
S0->S1->S3->S5->S6->S8->S11->S27->S29->S30->S33->S34->S36->S37,L0->L2->L3,833,14,8,0.0096038415366146,0.0704043814683497,0.96038415366146,1.6526411698565087
S0->S1->S3->S5->S6->S8->S11->S27->S29->S30->S33->S34->S35->S37,L0->L2->L3,745,14,7,0.0093959731543624,0.0629667037141903,0.93959731543624,1.6168709163478745
S0->S1->S3->S4->S6->S8->S9->S26->S29->S30->S33->S34->S35->S37,L0->L2->L3,853,14,8,0.0093786635404454,0.0720947627761132,0.9378663540445401,1.6138922561435707
S24->S28->S29->S30->S33->S34->S35->S37,L1->L2->L3,1408,8,13,0.0092329545454545,0.1190028440665503,0.92329545454545,1.5888184684282787
S0->S1->S2->S5->S6->S8->S10->S27->S29->S30->S33->S34->S36->S37,L0->L2->L3,761,14,7,0.0091984231274638,0.0643190087604011,0.9198423127463801,1.5828762584483054
S0->S1->S3->S4->S7->S8->S10->S26->S29->S30->S33->S34->S35->S37,L0->L2->L3,872,14,8,0.0091743119266055,0.0737006250184885,0.91743119266055,1.578727172580823
S24->S28->S29->S30->S33->S34->S36->S37,L1->L2->L3,1446,8,13,0.0089903181189488,0.1222145685513009,0.8990318118948799,1.5470652859937906
S0->S1->S3->S5->S7->S8->S9->S26->S29->S30->S33->S34->S36->S37,L0->L2->L3,890,14,8,0.0089887640449438,0.0752219681954756,0.89887640449438,1.546797858978062
S0->S1->S3->S4->S7->S8->S10->S26->S29->S30->S33->S34->S36->S37,L0->L2->L3,895,14,8,0.0089385474860335,0.0756445635224165,0.89385474860335,1.5381565301569555
S0->S1->S2->S4->S6->S8->S10->S26->S29->S30->S33->S34->S36->S37,L0->L2->L3,899,14,8,0.0088987764182424,0.0759826397839692,0.88987764182424,1.53131267462788
S0->S1->S2->S4->S6->S8->S10->S27->S29->S30->S33->S34->S35->S37,L0->L2->L3,800,14,7,0.00875,0.0676152523105399,0.8750000000000001,1.505711040848961
S0->S1->S2->S4->S7->S8->S10->S26->S29->S30->S33->S34->S35->S37,L0->L2->L3,915,14,8,0.0087431693989071,0.07733494483018,0.87431693989071,1.5045356223939648
S0->S1->S3->S5->S7->S8->S10->S27->S29->S30->S33->S34->S35->S37,L0->L2->L3,808,14,7,0.0086633663366336,0.0682914048336453,0.86633663366336,1.4908030107415342
S0->S1->S3->S4->S6->S8->S9->S27->S29->S30->S33->S34->S35->S37,L0->L2->L3,814,14,7,0.0085995085995086,0.0687985192259744,0.85995085995086,1.4798142907606493
S0->S1->S3->S5->S6->S8->S9->S26->S29->S30->S33->S34->S36->S37,L0->L2->L3,822,14,7,0.0085158150851581,0.0694746717490798,0.85158150851581,1.4654122052057925
S0->S1->S3->S4->S7->S8->S11->S26->S29->S30->S33->S34->S36->S37,L0->L2->L3,830,14,7,0.008433734939759,0.0701508242721851,0.8433734939759,1.4512877502158594
S0->S1->S3->S5->S6->S8->S11->S26->S29->S30->S33->S34->S36->S37,L0->L2->L3,854,14,7,0.0081967213114754,0.0721792818415014,0.81967213114754,1.4105021459943408
S0->S1->S2->S5->S6->S8->S11->S29->S30->S31->S33->S34->S36->S37,L0->L3,501,14,4,0.0079840319361277,0.0423440517594756,0.79840319361277,1.3739022899106494
S0->S1->S2->S4->S7->S8->S10->S26->S29->S30->S33->S34->S36->S37,L0->L2->L3,879,14,7,0.0079635949943117,0.0742922584762057,0.79635949943117,1.3703854751753877
S0->S1->S3->S5->S7->S8->S11->S27->S29->S30->S33->S34->S36->S37,L0->L2->L3,769,14,6,0.0078023407022106,0.0649951612835065,0.78023407022106,1.342636633118141
S0->S1->S2->S4->S6->S8->S11->S26->S29->S30->S33->S34->S36->S37,L0->L2->L3,900,14,7,0.0077777777777777,0.0760671588493574,0.77777777777777,1.3384098140879517
S0->S1->S3->S5->S7->S8->S9->S27->S29->S30->S33->S34->S35->S37,L0->L2->L3,777,14,6,0.0077220077220077,0.0656713138066119,0.77220077220077,1.3288128325197628
S12->S13->S14->S17->S18->S20->S22->S29->S30->S33->S34->S36->S37,L0->L3,3892,13,29,0.0074511819116135,0.3289482024907768,0.74511819116135,1.2822087853360584
S0->S1->S2->S5->S7->S8->S9->S26->S29->S30->S33->S34->S35->S37,L0->L2->L3,814,14,6,0.0073710073710073,0.0687985192259744,0.73710073710073,1.2684122492234016
S0->S1->S2->S5->S6->S8->S10->S26->S29->S30->S33->S34->S35->S37,L0->L2->L3,839,14,6,0.0071513706793802,0.0709114958606787,0.71513706793802,1.2306168901881487
S0->S1->S2->S4->S6->S8->S9->S27->S29->S30->S33->S34->S36->S37,L0->L2->L3,843,14,6,0.0071174377224199,0.0712495721222314,0.71174377224199,1.2247776641374313
S24->S26->S29->S30->S32->S33->S34->S36->S37,L1->L2->L3,849,9,6,0.0070671378091872,0.0717566865145605,0.7067137809187201,1.2161219915993489
S0->S1->S3->S4->S6->S8->S10->S26->S29->S30->S33->S34->S35->S37,L0->L2->L3,855,14,6,0.0070175438596491,0.0722638009068895,0.70175438596491,1.2075878021846262
S0->S1->S3->S4->S7->S8->S9->S27->S29->S30->S33->S34->S35->S37,L0->L2->L3,716,14,5,0.0069832402234636,0.0605156508179332,0.69832402234636,1.2016847891851092
S12->S13->S14->S16->S19->S20->S21->S29->S30->S33->S34->S36->S37,L0->L3,3802,13,26,0.0068385060494476,0.3213414866058411,0.68385060494476,1.1767787498932183
S12->S13->S15->S16->S19->S20->S21->S29->S30->S33->S34->S36->S37,L0->L3,3820,13,26,0.006806282722513,0.3228628297828282,0.6806282722513001,1.1712337191345539
S0->S1->S3->S4->S7->S8->S9->S26->S29->S30->S33->S34->S36->S37,L0->L2->L3,883,14,6,0.0067950169875424,0.0746303347377584,0.67950169875424,1.1692950972455813
S12->S13->S15->S17->S19->S20->S21->S29->S30->S33->S34->S35->S37,L0->L3,3698,13,25,0.0067604110329908,0.3125515038054709,0.6760411032990801,1.1633400609201572
S24->S26->S29->S30->S33->S34->S35->S37,L1->L2->L3,56718,8,383,0.0067527063718748,4.793752350686506,0.67527063718748,1.1620142331134873
S24->S26->S29->S30->S33->S34->S36->S37,L1->L2->L3,58379,8,394,0.0067490022096986,4.9341385182962645,0.67490022096986,1.161376816212253
S0->S1->S3->S4->S7->S8->S9->S26->S29->S30->S33->S34->S35->S37,L0->L2->L3,892,14,6,0.0067264573991031,0.075391006326252,0.6726457399103101,1.1574972767576825
S0->S1->S2->S5->S6->S8->S10->S26->S29->S30->S33->S34->S36->S37,L0->L2->L3,901,14,6,0.0066592674805771,0.0761516779147456,0.66592674805771,1.1459351507967293
S0->S1->S3->S4->S7->S8->S10->S27->S29->S30->S33->S34->S35->S37,L0->L2->L3,774,14,5,0.0064599483204134,0.0654177566104474,0.64599483204134,1.1116360582125893
S24->S27->S29->S30->S33->S34->S35->S37,L1->L2->L3,20316,8,127,0.0062512305571962,1.717089332426162,0.62512305571962,1.0757196421557393
S0->S1->S2->S5->S7->S8->S11->S27->S29->S30->S33->S34->S36->S37,L0->L2->L3,802,14,5,0.0062344139650872,0.0677842904413163,0.62344139650872,1.0728258217662563
S0->S1->S2->S5->S7->S8->S10->S29->S30->S33->S34->S36->S37,L0->L3,10467,13,65,0.0062099933123148,0.884661057418027,0.62099933123148,1.0686234850229261
S0->S1->S2->S5->S7->S8->S9->S27->S29->S30->S33->S34->S35->S37,L0->L2->L3,806,14,5,0.0062034739454094,0.068122366702869,0.62034739454094,1.0675016241396338
S0->S1->S3->S5->S6->S8->S9->S27->S29->S30->S33->S34->S36->S37,L0->L2->L3,819,14,5,0.0061050061050061,0.0692211145529152,0.61050061050061,1.0505571539151992
S0->S1->S3->S4->S6->S8->S11->S26->S29->S30->S33->S34->S35->S37,L0->L2->L3,826,14,5,0.0060532687651331,0.0698127480106325,0.60532687651331,1.041654127187093
S12->S13->S14->S16->S18->S20->S23->S29->S30->S33->S34->S35->S37,L0->L3,3636,13,22,0.006050605060506,0.3073113217514041,0.6050605060506,1.0411957535337688
S12->S13->S14->S17->S19->S20->S21->S29->S30->S33->S34->S35->S37,L0->L3,3976,13,24,0.0060362173038229,0.3360478039833836,0.60362173038229,1.038719890209107
S12->S13->S15->S16->S18->S20->S21->S29->S30->S33->S34->S35->S37,L0->L3,3700,13,22,0.0059459459459459,0.3127205419362472,0.59459459459459,1.0231858810402124
S0->S1->S2->S4->S7->S8->S9->S27->S29->S30->S33->S34->S36->S37,L0->L2->L3,841,14,5,0.0059453032104637,0.0710805339914551,0.59453032104637,1.0230752783074246
S12->S13->S14->S17->S18->S20->S22->S29->S30->S33->S34->S35->S37,L0->L3,3701,13,22,0.0059443393677384,0.3128050610016354,0.59443393677384,1.0229094190350674
S0->S1->S2->S5->S7->S8->S9->S26->S29->S30->S33->S34->S36->S37,L0->L2->L3,850,14,5,0.0058823529411764,0.0718412055799486,0.58823529411764,1.0122427165371044
S0->S1->S3->S4->S6->S8->S9->S29->S30->S33->S34->S35->S37,L0->L3,10011,13,58,0.0057936270102886,0.8461203636010193,0.57936270102886,0.9969746463945486
S0->S1->S2->S4->S6->S8->S9->S27->S29->S30->S33->S34->S35->S37,L0->L2->L3,866,14,5,0.0057736720554272,0.0731935106261595,0.57736720554272,0.9935407725826111
S0->S1->S2->S4->S6->S8->S9->S29->S30->S33->S34->S35->S37,L0->L3,10087,13,58,0.005749975215624,0.8525438125705207,0.5749975215623999,0.989462990488336
S0->S1->S3->S4->S6->S8->S10->S26->S29->S30->S33->S34->S36->S37,L0->L2->L3,870,14,5,0.0057471264367816,0.0735315868877122,0.57471264367816,0.9889727690305143
S0->S1->S3->S4->S6->S8->S10->S29->S30->S33->S34->S35->S37,L0->L3,9788,13,56,0.0057212913771965,0.8272726120194563,0.57212913771965,0.98452703937814
S12->S13->S15->S17->S19->S20->S22->S29->S30->S33->S34->S36->S37,L0->L3,3848,13,22,0.0057172557172557,0.3252293636136971,0.57172557172557,0.9838325779232859
S12->S13->S14->S16->S19->S20->S23->S29->S30->S33->S34->S35->S37,L0->L3,3679,13,21,0.005708072845882,0.3109456415630955,0.5708072845882,0.9822523778302485
S0->S1->S2->S4->S6->S8->S11->S26->S29->S30->S33->S34->S35->S37,L0->L2->L3,877,14,5,0.0057012542759407,0.0741232203454294,0.57012542759407,0.981079029711001
S0->S1->S3->S5->S6->S8->S9->S26->S29->S30->S33->S34->S35->S37,L0->L2->L3,886,14,5,0.0056433408577878,0.0748838919339229,0.56433408577878,0.971113215639444
S12->S13->S15->S17->S18->S20->S22->S29->S30->S33->S34->S36->S37,L0->L3,3899,13,22,0.0056424724288279,0.329539835948494,0.56424724288279,0.970963775288231
S0->S1->S2->S5->S7->S8->S10->S26->S29->S30->S33->S34->S36->S37,L0->L2->L3,889,14,5,0.0056242969628796,0.0751374491300875,0.56242969628796,0.967836118173839
S0->S1->S2->S5->S6->S8->S9->S26->S29->S30->S33->S34->S35->S37,L0->L2->L3,894,14,5,0.0055928411633109,0.0755600444570284,0.55928411633109,0.9624231644927733
S0->S1->S2->S4->S7->S8->S9->S26->S29->S30->S33->S34->S35->S37,L0->L2->L3,896,14,5,0.0055803571428571,0.0757290825878047,0.55803571428571,0.9602748985006052
S0->S1->S3->S5->S7->S8->S11->S26->S29->S30->S33->S34->S36->S37,L0->L2->L3,900,14,5,0.0055555555555555,0.0760671588493574,0.55555555555555,0.9560070100628226
S0->S1->S3->S4->S7->S8->S10->S29->S30->S33->S34->S36->S37,L0->L3,10043,13,55,0.0054764512595837,0.8488249736934409,0.54764512595837,0.9423946429973
S0->S1->S2->S5->S7->S8->S10->S29->S30->S33->S34->S35->S37,L0->L3,9970,13,54,0.0054162487462387,0.8426550819201042,0.54162487462387,0.9320349185366802
S12->S13->S14->S17->S18->S20->S23->S29->S30->S33->S34->S36->S37,L0->L3,3891,13,21,0.0053970701619121,0.3288636834253887,0.5397070161912101,0.9287346435460042
S25->S29->S30->S33->S34->S36->S37,L1->L3,3896,7,21,0.0053901437371663,0.3292862787523295,0.53901437371663,0.927542735635906
S12->S13->S14->S16->S18->S20->S22->S29->S30->S33->S34->S36->S37,L0->L3,3897,13,21,0.0053887605850654,0.3293707978177177,0.53887605850654,0.927304721077106
S12->S13->S14->S16->S18->S20->S21->S29->S30->S33->S34->S36->S37,L0->L3,3741,13,20,0.0053461641272387,0.3161858236171624,0.5346164127238701,0.9199746688655952
S0->S1->S3->S5->S6->S8->S11->S29->S30->S33->S34->S35->S37,L0->L3,10206,13,54,0.0052910052910052,0.8626015813517135,0.52910052910052,0.9104828667264911
S12->S13->S14->S17->S19->S20->S21->S29->S30->S33->S34->S36->S37,L0->L3,3802,13,20,0.0052603892688058,0.3213414866058411,0.5260389268805801,0.9052144229947754
S12->S13->S14->S16->S18->S20->S23->S29->S30->S33->S34->S36->S37,L0->L3,3804,13,20,0.0052576235541535,0.3215105247366174,0.52576235541535,0.9047384953275975
S0->S1->S2->S5->S7->S8->S10->S27->S29->S30->S33->S34->S36->S37,L0->L2->L3,761,14,4,0.0052562417871222,0.0643190087604011,0.52562417871222,0.9045007191133222
S0->S1->S3->S4->S6->S8->S10->S27->S29->S30->S33->S34->S35->S37,L0->L2->L3,763,14,4,0.0052424639580602,0.0644880468911774,0.52424639580602,0.9021298129033126
S24->S27->S29->S30->S33->S34->S36->S37,L1->L2->L3,21188,8,111,0.0052388144232584,1.7907899574446506,0.52388144232584,0.9015017963495947
S0->S1->S3->S5->S6->S8->S11->S29->S30->S33->S34->S36->S37,L0->L3,10324,13,53,0.0051336691204959,0.872574831067518,0.5133669120495901,0.8834082599766915
S0->S1->S3->S4->S7->S8->S10->S27->S29->S30->S33->S34->S36->S37,L0->L2->L3,786,14,4,0.005089058524173,0.0664319853951055,0.5089058524173,0.8757316122712918
S0->S1->S3->S5->S6->S8->S10->S27->S29->S30->S33->S34->S36->S37,L0->L2->L3,790,14,4,0.0050632911392405,0.0667700616566582,0.50632911392405,0.8712975281585296
S0->S1->S3->S4->S7->S8->S11->S29->S30->S33->S34->S36->S37,L0->L3,10159,13,51,0.0050201791514912,0.8586291852784691,0.50201791514912,0.8638787629074363
S0->S1->S2->S4->S7->S8->S11->S27->S29->S30->S33->S34->S36->S37,L0->L2->L3,805,14,4,0.0049689440993788,0.0680378476374808,0.49689440993788,0.8550621704909662
S12->S13->S14->S17->S19->S20->S23->S29->S30->S33->S34->S36->S37,L0->L3,3824,13,19,0.0049686192468619,0.3232009060443809,0.49686192468619006,0.8550062694599555
S12->S13->S14->S16->S19->S20->S22->S29->S30->S33->S34->S36->S37,L0->L3,3833,13,19,0.0049569527785024,0.3239615776328745,0.49569527785024003,0.8529986888637711
S0->S1->S3->S4->S6->S8->S11->S27->S29->S30->S33->S34->S35->S37,L0->L2->L3,809,14,4,0.0049443757725587,0.0683759238990335,0.49443757725587,0.8508344218111707
S0->S1->S2->S5->S6->S8->S9->S29->S30->S33->S34->S35->S37,L0->L3,10320,13,51,0.0049418604651162,0.8722367548059653,0.49418604651162,0.850401584532622
S0->S1->S3->S5->S7->S8->S9->S29->S30->S33->S34->S36->S37,L0->L3,10390,13,51,0.0049085659287776,0.8781530893831376,0.49085659287776,0.8446722187080532
S0->S1->S2->S4->S7->S8->S11->S26->S29->S30->S33->S34->S35->S37,L0->L2->L3,819,14,4,0.0048840048840048,0.0692211145529152,0.48840048840048,0.8404457231321457
S0->S1->S2->S5->S7->S8->S9->S27->S29->S30->S33->S34->S36->S37,L0->L2->L3,829,14,4,0.0048250904704463,0.070066305206797,0.48250904704463,0.8303076565081257
S0->S1->S3->S4->S7->S8->S11->S27->S29->S30->S33->S34->S35->S37,L0->L2->L3,831,14,4,0.0048134777376654,0.0702353433375733,0.48134777376654003,0.8283093227981109
S0->S1->S2->S4->S7->S8->S11->S27->S29->S30->S33->S34->S35->S37,L0->L2->L3,831,14,4,0.0048134777376654,0.0702353433375733,0.48134777376654003,0.8283093227981109
S0->S1->S3->S4->S7->S8->S9->S27->S29->S30->S33->S34->S36->S37,L0->L2->L3,832,14,4,0.0048076923076923,0.0703198624029615,0.48076923076923,0.8273137587082189
S12->S13->S14->S17->S18->S20->S21->S29->S30->S33->S34->S36->S37,L0->L3,3955,13,19,0.0048040455120101,0.3342729036102319,0.48040455120101,0.8266862135056579
S0->S1->S3->S5->S6->S8->S10->S29->S30->S33->S34->S35->S37,L0->L3,10021,13,48,0.0047899411236403,0.846965554254901,0.47899411236403,0.8242591125579058
S0->S1->S2->S4->S7->S8->S11->S29->S30->S33->S34->S36->S37,L0->L3,10244,13,49,0.0047832877782116,0.8658133058364641,0.47832877782116,0.8231141964812686
S0->S1->S3->S4->S6->S8->S11->S27->S29->S30->S33->S34->S36->S37,L0->L2->L3,838,14,4,0.0047732696897374,0.0708269767952906,0.47732696897374,0.821390271175691
S12->S13->S15->S17->S18->S20->S23->S29->S30->S33->S34->S36->S37,L0->L3,4011,13,19,0.0047369733233607,0.3390059712719696,0.47369733233607003,0.8151443466504229
S12->S13->S15->S17->S18->S20->S23->S29->S30->S33->S34->S35->S37,L0->L3,3596,13,17,0.0047274749721913,0.3039305591358771,0.47274749721913,0.8135098583960656
S0->S1->S3->S4->S6->S8->S9->S26->S29->S30->S33->S34->S36->S37,L0->L2->L3,848,14,4,0.0047169811320754,0.0716721674491723,0.47169811320754,0.8117040651476755
S0->S1->S3->S5->S6->S8->S10->S26->S29->S30->S33->S34->S35->S37,L0->L2->L3,854,14,4,0.0046838407494145,0.0721792818415014,0.46838407494145,0.8060012262824781
S12->S13->S14->S16->S19->S20->S21->S29->S30->S33->S34->S35->S37,L0->L3,3634,13,17,0.0046780407264722,0.3071422836206277,0.46780407264721996,0.8050031510160325
S12->S13->S15->S16->S18->S20->S22->S29->S30->S33->S34->S36->S37,L0->L3,3861,13,18,0.0046620046620046,0.3263281114637434,0.46620046620046,0.8022436448079604
S0->S1->S2->S4->S6->S8->S10->S26->S29->S30->S33->S34->S35->S37,L0->L2->L3,858,14,4,0.0046620046620046,0.0725173581030541,0.46620046620046,0.8022436448079604
S0->S1->S2->S4->S6->S8->S11->S29->S30->S33->S34->S35->S37,L0->L3,10106,13,47,0.0046507025529388,0.8541496748128959,0.46507025529388,0.8002987636187885
S12->S13->S15->S16->S18->S20->S23->S29->S30->S33->S34->S35->S37,L0->L3,3678,13,17,0.0046220772158781,0.3108611224977074,0.46220772158781,0.7953728794976092
S0->S1->S2->S4->S6->S8->S11->S29->S30->S33->S34->S36->S37,L0->L3,10413,13,48,0.0046096225871506,0.8800970278870656,0.46096225871505997,0.7932296712707896
S12->S13->S15->S17->S19->S20->S22->S29->S30->S33->S34->S35->S37,L0->L3,3940,13,18,0.0045685279187817,0.3330051176294092,0.45685279187817,0.786158048884152
S0->S1->S2->S5->S7->S8->S11->S29->S30->S33->S34->S36->S37,L0->L3,10512,13,48,0.0045662100456621,0.8884644153604949,0.45662100456621,0.7857591863530127
S0->S1->S2->S5->S6->S8->S11->S29->S30->S33->S34->S35->S37,L0->L3,10301,13,47,0.0045626638190466,0.87063089256359,0.45626638190466,0.7851489472023486
S0->S1->S2->S5->S6->S8->S9->S29->S30->S33->S34->S36->S37,L0->L3,10536,13,48,0.0045558086560364,0.890492872929811,0.45558086560364003,0.7839693021016312
S0->S1->S2->S5->S6->S8->S11->S26->S29->S30->S33->S34->S35->S37,L0->L2->L3,881,14,4,0.0045402951191827,0.0744612966069821,0.45402951191827,0.7812997131046902
S0->S1->S2->S4->S7->S8->S9->S29->S30->S33->S34->S36->S37,L0->L3,10229,13,46,0.0044970182813569,0.8645455198556414,0.44970182813569,0.773852580244423
S0->S1->S2->S4->S6->S8->S9->S26->S29->S30->S33->S34->S36->S37,L0->L2->L3,890,14,4,0.0044943820224719,0.0752219681954756,0.44943820224719,0.773398929489031
S0->S1->S2->S4->S7->S8->S11->S26->S29->S30->S33->S34->S36->S37,L0->L2->L3,894,14,4,0.0044742729306487,0.0755600444570284,0.44742729306487,0.7699385315942153
S0->S1->S3->S4->S6->S8->S9->S29->S30->S33->S34->S36->S37,L0->L3,10383,13,46,0.0044303187903303,0.8775614559254203,0.44303187903303004,0.7623748476663937
S12->S13->S15->S16->S19->S20->S23->S29->S30->S33->S34->S35->S37,L0->L3,3616,13,16,0.0044247787610619,0.3056209404436406,0.44247787610619,0.7614215124394158
S0->S1->S3->S4->S7->S8->S11->S26->S29->S30->S33->S34->S35->S37,L0->L2->L3,908,14,4,0.0044052863436123,0.0767433113724628,0.44052863436122996,0.7580672326489357
S0->S1->S3->S5->S6->S8->S9->S29->S30->S33->S34->S35->S37,L0->L3,10230,13,45,0.0043988269794721,0.8646300389210296,0.43988269794721,0.7569556971171916
S0->S1->S2->S5->S6->S8->S10->S29->S30->S33->S34->S36->S37,L0->L3,10498,13,46,0.0043817870070489,0.8872811484450605,0.43817870070489,0.7540234371613773
S0->S1->S2->S4->S7->S8->S11->S29->S30->S33->S34->S35->S37,L0->L3,9873,13,43,0.004355312468348,0.8344567325774512,0.43553124683480005,0.749467665135854
S0->S1->S3->S4->S7->S8->S9->S29->S30->S33->S34->S35->S37,L0->L3,9951,13,43,0.0043211737513817,0.8410492196777287,0.43211737513817,0.7435930316436741
S12->S13->S15->S17->S19->S20->S21->S29->S30->S33->S34->S36->S37,L0->L3,3977,13,17,0.0042745788282625,0.3361323230487717,0.42745788282624997,0.735574918479321
S12->S13->S14->S17->S18->S20->S21->S29->S30->S33->S34->S35->S37,L0->L3,3752,13,16,0.0042643923240938,0.3171155333364324,0.42643923240938003,0.733822011988525
S12->S13->S14->S16->S19->S20->S22->S29->S30->S33->S34->S35->S37,L0->L3,3527,13,15,0.0042529061525375,0.298098743624093,0.42529061525375,0.7318454570937357
S0->S1->S3->S4->S7->S8->S9->S29->S30->S33->S34->S36->S37,L0->L3,10111,13,43,0.0042527939867471,0.8545722701398368,0.42527939867471004,0.7318261554629917
S0->S1->S3->S5->S7->S8->S10->S29->S30->S33->S34->S36->S37,L0->L3,10464,13,44,0.0042048929663608,0.8844075002218627,0.42048929663608003,0.7235832874328679
S0->S1->S3->S5->S7->S8->S11->S29->S30->S33->S34->S35->S37,L0->L3,9994,13,42,0.0042025215129077,0.8446835394894204,0.42025215129077,0.7231752047303316
S0->S1->S3->S5->S7->S8->S11->S29->S30->S33->S34->S36->S37,L0->L3,10283,13,43,0.0041816590489156,0.8691095493866029,0.41816590489155997,0.719585165602078
S0->S1->S2->S4->S7->S8->S10->S29->S30->S33->S34->S35->S37,L0->L3,9894,13,41,0.0041439256114817,0.8362316329506028,0.41439256114817,0.7130919480759744
S0->S1->S2->S5->S6->S8->S10->S29->S30->S33->S34->S35->S37,L0->L3,10147,13,42,0.0041391544298807,0.857614956493811,0.41391544298807004,0.7122709171257435
S0->S1->S3->S5->S6->S8->S10->S29->S30->S33->S34->S36->S37,L0->L3,10427,13,43,0.0041239090821904,0.8812802948025,0.41239090821903995,0.7096474784584444
S0->S1->S2->S4->S6->S8->S9->S29->S30->S33->S34->S36->S37,L0->L3,10483,13,43,0.0041018792330439,0.8860133624642379,0.41018792330439,0.705856554219802
S12->S13->S15->S16->S18->S20->S23->S29->S30->S33->S34->S36->S37,L0->L3,3682,13,15,0.0040738728951656,0.3111991987592601,0.40738728951655995,0.7010371882589902
S0->S1->S2->S5->S7->S8->S9->S29->S30->S33->S34->S35->S37,L0->L3,10078,13,41,0.0040682675133955,0.851783140982027,0.40682675133955004,0.7000726070910573
S0->S1->S2->S5->S7->S8->S11->S29->S30->S33->S34->S35->S37,L0->L3,10100,13,41,0.004059405940594,0.8536425604205669,0.4059405940594,0.6985476964617423
S12->S13->S15->S17->S18->S20->S22->S29->S30->S33->S34->S35->S37,L0->L3,3699,13,15,0.0040551500405515,0.3126360228708591,0.40551500405515,0.6978153358122862
S12->S13->S14->S17->S18->S20->S23->S29->S30->S33->S34->S35->S37,L0->L3,3721,13,15,0.0040311744154797,0.3144954423093989,0.40311744154797,0.693689579997216
S12->S13->S15->S17->S18->S20->S21->S29->S30->S33->S34->S36->S37,L0->L3,3979,13,16,0.0040211108318673,0.336301361179548,0.40211108318673006,0.6919578258308506
S12->S13->S15->S16->S19->S20->S22->S29->S30->S33->S34->S36->S37,L0->L3,3755,13,15,0.0039946737683089,0.3173690905325969,0.39946737683088995,0.6874085025751353
S0->S1->S3->S4->S6->S8->S11->S29->S30->S31->S33->S34->S36->S37,L0->L3,503,14,2,0.003976143141153,0.0425130898902519,0.39761431411529996,0.684219728871993
S12->S13->S14->S17->S19->S20->S23->S29->S30->S33->S34->S35->S37,L0->L3,3775,13,15,0.0039735099337748,0.3190594718403604,0.39735099337748,0.6837666032237415
S0->S1->S3->S5->S7->S8->S11->S27->S29->S30->S33->S34->S35->S37,L0->L2->L3,760,14,3,0.0039473684210526,0.0642344896950129,0.39473684210525994,0.679268138728849
S0->S1->S2->S5->S7->S8->S9->S29->S30->S31->S33->S34->S35->S37,L0->L3,509,14,2,0.0039292730844793,0.043020204282581,0.39292730844793,0.6761542703784151
S0->S1->S2->S5->S7->S8->S11->S29->S30->S31->S33->S34->S36->S37,L0->L3,513,14,2,0.0038986354775828,0.0433582805441337,0.38986354775827997,0.6708821123247866
S0->S1->S3->S4->S7->S8->S11->S29->S30->S33->S34->S35->S37,L0->L3,10018,13,39,0.003892992613296,0.8467119970587366,0.3892992613296,0.6699110811180841
S12->S13->S15->S16->S18->S20->S22->S29->S30->S33->S34->S35->S37,L0->L3,3607,13,14,0.0038813418353202,0.304860268855147,0.38813418353202,0.667906200542925
S0->S1->S2->S5->S7->S8->S11->S29->S30->S31->S33->S34->S35->S37,L0->L3,516,14,2,0.003875968992248,0.0436118377402982,0.3875968992248,0.6669816349275467
S12->S13->S14->S16->S18->S20->S22->S29->S30->S33->S34->S35->S37,L0->L3,3618,13,14,0.003869541182974,0.3057899785744169,0.3869541182974,0.6658755293969942
S0->S1->S2->S4->S7->S8->S10->S29->S30->S33->S34->S36->S37,L0->L3,10380,13,40,0.0038535645472061,0.8773078987292559,0.38535645472061003,0.6631262497545544
S12->S13->S14->S16->S19->S20->S23->S29->S30->S33->S34->S36->S37,L0->L3,3653,13,14,0.0038324664659184,0.3087481458630031,0.38324664659184,0.6594956653047693
S0->S1->S3->S5->S6->S8->S10->S27->S29->S30->S33->S34->S35->S37,L0->L2->L3,784,14,3,0.0038265306122448,0.0662629472643291,0.38265306122448,0.6584742161146889
S25->S26->S39->S40->S41->S43->S45->S47->S48->S50->S51,L1->L2->L3,525,11,2,0.0038095238095238,0.0443725093287918,0.38095238095238,0.6555476640430833
S0->S1->S2->S5->S7->S8->S9->S29->S30->S33->S34->S36->S37,L0->L3,10530,13,40,0.0037986704653371,0.8899857585374821,0.37986704653371,0.6536800068805635
S25->S26->S29->S30->S33->S34->S36->S37,L1->L2->L3,23438,8,89,0.0037972523252837,1.9809578545680444,0.37972523252837,0.6534359715507493
S25->S29->S30->S33->S34->S35->S37,L1->L3,3698,7,14,0.0037858301784748,0.3125515038054709,0.37858301784748,0.6514704341152797
S0->S1->S2->S5->S7->S8->S11->S27->S29->S30->S33->S34->S35->S37,L0->L2->L3,798,14,3,0.0037593984962406,0.0674462141797636,0.37593984962406,0.646922036884623
S0->S1->S3->S5->S7->S8->S10->S29->S30->S33->S34->S35->S37,L0->L3,10112,13,38,0.003757911392405,0.8546567892052249,0.3757911392405,0.6466661341801485
S0->S1->S2->S5->S6->S8->S10->S27->S29->S30->S33->S34->S35->S37,L0->L2->L3,803,14,3,0.0037359900373599,0.0678688095067044,0.37359900373599003,0.642893879743374
S0->S1->S3->S4->S6->S8->S11->S29->S30->S33->S34->S36->S37,L0->L3,10186,13,38,0.0037306106420577,0.8609112000439499,0.37306106420577,0.6419681866119896
S0->S1->S3->S5->S6->S8->S9->S27->S29->S30->S33->S34->S35->S37,L0->L2->L3,805,14,3,0.0037267080745341,0.0680378476374808,0.37267080745340997,0.6412966278682246
S12->S13->S14->S17->S19->S20->S22->S29->S30->S33->S34->S35->S37,L0->L3,3792,13,14,0.0036919831223628,0.3204962959519593,0.36919831223627997,0.6353211142822499
S12->S13->S15->S17->S19->S20->S23->S29->S30->S33->S34->S36->S37,L0->L3,3830,13,14,0.0036553524804177,0.32370802043671,0.36553524804177,0.6290176671953789
S0->S1->S2->S4->S7->S8->S9->S29->S30->S33->S34->S35->S37,L0->L3,10124,13,37,0.0036546819438956,0.8556710179898831,0.36546819438956,0.6289022804245653
S0->S1->S2->S4->S7->S8->S9->S27->S29->S30->S33->S34->S35->S37,L0->L2->L3,825,14,3,0.0036363636363636,0.0697282289452443,0.36363636363636,0.6257500429502112
S0->S1->S2->S4->S6->S8->S10->S29->S30->S33->S34->S35->S37,L0->L3,10182,13,37,0.0036338636810056,0.8605731237823973,0.36338636810056,0.6253198474777346
S0->S1->S3->S5->S7->S8->S9->S26->S29->S30->S33->S34->S35->S37,L0->L2->L3,846,14,3,0.0035460992907801,0.0715031293183959,0.35460992907801003,0.6102172404656304
S24->S26->S29->S30->S32->S33->S34->S35->S37,L1->L2->L3,851,9,3,0.0035252643948296,0.0719257246453368,0.35252643948296003,0.606631945280761
S0->S1->S2->S4->S7->S8->S9->S26->S29->S30->S33->S34->S36->S37,L0->L2->L3,852,14,3,0.0035211267605633,0.072010243710725,0.35211267605633,0.6059199359553024
S0->S1->S2->S5->S7->S8->S10->S26->S29->S30->S33->S34->S35->S37,L0->L2->L3,856,14,3,0.0035046728971962,0.0723483199722777,0.35046728971962,0.6030885343854209
S0->S1->S2->S4->S6->S8->S9->S26->S29->S30->S33->S34->S35->S37,L0->L2->L3,860,14,3,0.0034883720930232,0.0726863962338304,0.34883720930232,0.600283471434792
S0->S1->S2->S5->S6->S8->S11->S29->S30->S33->S34->S36->S37,L0->L3,10613,13,37,0.0034862903985677,0.8970008409647006,0.34862903985677,0.599925250826184
S25->S28->S29->S30->S33->S34->S36->S37,L1->L2->L3,861,8,3,0.0034843205574912,0.0727709152992186,0.34843205574912,0.599586278088172
S0->S1->S2->S4->S6->S8->S10->S29->S30->S33->S34->S36->S37,L0->L3,10416,13,36,0.0034562211981566,0.8803505850832302,0.34562211981566,0.5947509048777847
S0->S1->S2->S5->S6->S8->S11->S26->S29->S30->S33->S34->S36->S37,L0->L2->L3,885,14,3,0.0033898305084745,0.0747993728685348,0.33898305084745,0.5833263112247657
S0->S1->S2->S5->S7->S8->S11->S26->S29->S30->S33->S34->S36->S37,L0->L2->L3,887,14,3,0.0033821871476888,0.0749684109993111,0.33821871476888,0.5820110320562835
S25->S26->S29->S30->S33->S34->S35->S37,L1->L2->L3,22561,8,76,0.0033686450068702,1.9068346342226143,0.33686450068702,0.5796806833765924
S12->S13->S15->S16->S19->S20->S21->S29->S30->S33->S34->S35->S37,L0->L3,3605,13,12,0.0033287101248266,0.3046912307243706,0.33287101248266,0.5728086384842438
S0->S1->S3->S4->S6->S8->S11->S29->S30->S33->S34->S35->S37,L0->L3,10014,13,33,0.0032953864589574,0.8463739207971839,0.32953864589574,0.5670742600132934
S0->S1->S3->S5->S7->S8->S9->S29->S30->S33->S34->S35->S37,L0->L3,10026,13,33,0.0032914422501496,0.8473881495818418,0.32914422501496,0.5663955355847999
S25->S27->S29->S30->S33->S34->S36->S37,L1->L2->L3,10916,8,35,0.0032063026749725,0.9226101177773176,0.32063026749725,0.5517446100582457
S25->S27->S29->S30->S33->S34->S35->S37,L1->L2->L3,10609,8,34,0.0032048260910547,0.8966627647031479,0.32048260910547,0.5514905176345003
S0->S1->S3->S4->S7->S8->S10->S29->S30->S33->S34->S35->S37,L0->L3,9738,13,31,0.0031834052166769,0.8230466587500476,0.31834052166769,0.547804386542467
S12->S13->S15->S17->S18->S20->S21->S29->S30->S33->S34->S35->S37,L0->L3,3828,13,12,0.0031347962382445,0.3235389823059337,0.31347962382445,0.5394396921984609
S0->S1->S3->S4->S6->S8->S10->S29->S30->S33->S34->S36->S37,L0->L3,10241,13,32,0.0031246948540181,0.8655597486402995,0.31246948540181,0.5377014332547411
S12->S13->S15->S17->S19->S20->S23->S29->S30->S33->S34->S35->S37,L0->L3,3874,13,12,0.0030975735673722,0.3274268593137897,0.30975735673722,0.5330343680267684
S12->S13->S14->S16->S18->S20->S21->S29->S30->S33->S34->S35->S37,L0->L3,3552,13,11,0.0030968468468468,0.3002117202587974,0.30968468468468,0.5329093130417734
S12->S13->S15->S16->S19->S20->S22->S29->S30->S33->S34->S35->S37,L0->L3,3583,13,11,0.0030700530281886,0.3028318112858308,0.30700530281886,0.5282985989183269
S0->S1->S3->S5->S6->S8->S9->S29->S30->S33->S34->S36->S37,L0->L3,10432,13,32,0.0030674846625766,0.881702890129441,0.30674846625766,0.5278566313230212
S12->S13->S14->S17->S19->S20->S22->S29->S30->S33->S34->S36->S37,L0->L3,3821,13,11,0.0028788275320596,0.3229473488482164,0.28788275320596,0.4953922742539549
S0->S1->S2->S5->S6->S8->S11->S27->S29->S30->S33->S34->S35->S37,L0->L2->L3,785,14,2,0.0025477707006369,0.0663474663297173,0.25477707006369,0.4384235969714826
S0->S1->S2->S4->S6->S8->S11->S27->S29->S30->S33->S34->S35->S37,L0->L2->L3,797,14,2,0.0025094102885821,0.0673616951143754,0.25094102885821,0.4318224888614908
S0->S1->S3->S4->S7->S8->S11->S27->S29->S30->S33->S34->S36->S37,L0->L2->L3,811,14,2,0.002466091245376,0.0685449620298098,0.2466091245376,0.42436809324612645
S0->S1->S2->S5->S7->S8->S11->S26->S29->S30->S33->S34->S35->S37,L0->L2->L3,817,14,2,0.0024479804161566,0.0690520764221389,0.24479804161566,0.42125155890160293
S0->S1->S3->S4->S6->S8->S10->S27->S29->S30->S33->S34->S36->S37,L0->L2->L3,820,14,2,0.0024390243902439,0.0693056336183034,0.24390243902439,0.41971039466173077
S12->S13->S15->S16->S19->S20->S23->S29->S30->S33->S34->S36->S37,L0->L3,3721,13,9,0.0024187046492878,0.3144954423093989,0.24187046492878,0.4162137479983261
S12->S13->S15->S16->S18->S20->S21->S29->S30->S33->S34->S36->S37,L0->L3,3855,13,9,0.0023346303501945,0.3258209970714144,0.23346303501945,0.4017461365244496
S0->S1->S3->S5->S7->S8->S10->S26->S29->S30->S33->S34->S35->S37,L0->L2->L3,882,14,2,0.0022675736961451,0.0745458156723703,0.22675736961451,0.3902069428827844
S0->S1->S2->S4->S6->S8->S10->S29->S30->S31->S33->S34->S35->S37,L0->L3,500,14,1,0.002,0.0422595326940874,0.2,0.34416252362261956
S0->S1->S3->S5->S7->S8->S10->S29->S30->S31->S33->S34->S35->S37,L0->L3,503,14,1,0.0019880715705765,0.0425130898902519,0.19880715705764998,0.3421098644359965
S0->S1->S3->S4->S7->S8->S10->S29->S30->S31->S33->S34->S36->S37,L0->L3,507,14,1,0.0019723865877712,0.0428511661518047,0.19723865877712,0.3394107728033718
S0->S1->S2->S5->S7->S8->S9->S29->S30->S31->S33->S34->S36->S37,L0->L3,508,14,1,0.0019685039370078,0.0429356852171928,0.19685039370077997,0.33874264136083326
S0->S1->S2->S5->S7->S8->S10->S29->S30->S31->S33->S34->S35->S37,L0->L3,513,14,1,0.0019493177387914,0.0433582805441337,0.19493177387913999,0.3354410561623933
S0->S1->S3->S5->S7->S8->S10->S29->S30->S31->S33->S34->S36->S37,L0->L3,546,14,1,0.0018315018315018,0.0461474097019435,0.18315018315018,0.31516714617455466
S0->S1->S2->S5->S6->S8->S9->S27->S29->S30->S33->S34->S35->S37,L0->L2->L3,790,14,1,0.0012658227848101,0.0667700616566582,0.12658227848101,0.21782438203962806
S25->S28->S29->S30->S33->S34->S35->S37,L1->L2->L3,804,8,1,0.0012437810945273,0.0679533285720926,0.12437810945273,0.21403142016330978
S0->S1->S3->S5->S6->S8->S11->S26->S29->S30->S33->S34->S35->S37,L0->L2->L3,899,14,1,0.0011123470522803,0.0759826397839692,0.11123470522803,0.191414084328485
S0->S1->S2->S5->S6->S8->S9->S26->S29->S30->S33->S34->S36->S37,L0->L2->L3,945,14,1,0.001058201058201,0.0798705167918253,0.1058201058201,0.18209657334529133
S0->S1->S2->S5->S6->S8->S9->S29->S30->S31->S33->S34->S36->S37,L0->L3,516,14,0,0.0,0.0436118377402982,0.0,0.0
S0->S1->S2->S5->S7->S8->S10->S29->S30->S31->S33->S34->S36->S37,L0->L3,521,14,0,0.0,0.0440344330672391,0.0,0.0
S0->S1->S2->S5->S6->S8->S10->S29->S30->S31->S33->S34->S36->S37,L0->L3,526,14,0,0.0,0.04445702839418,0.0,0.0
S0->S1->S2->S4->S7->S8->S9->S29->S30->S31->S33->S34->S35->S37,L0->L3,508,14,0,0.0,0.0429356852171928,0.0,0.0
