line_sequence,part_count,avg_stations,defect_count,defect_rate,volume_pct
L0->L3,800949,13.261804434489587,4066,0.005076478027939357,67.69546090359333
L1->L2->L3,242409,8.072291045299473,1724,0.007111947163677916,20.4881821216821
L0->L2->L3,111617,14.126378598242203,836,0.007489898492165172,9.433764521431923
L1->L3,21397,7.222928447913259,195,0.009113427115950834,1.808454442110779
L3,2529,6.015816528272044,30,0.011862396204033215,0.2137487163666944
L0->L1->L2->L3,2193,15.249886000911992,10,0.004559963520291838,0.18535031039626765
L0->L1->L3,1268,14.023659305993691,10,0.007886435331230283,0.10717017491220582
L2->L3,796,7.006281407035176,4,0.005025125628140704,0.06727717604898725
L1->L2,3,2.0,0,0.0,0.00025355719616452485
L1,2,1.0,0,0.0,0.0001690381307763499
L0->L2,1,8.0,1,1.0,8.451906538817494e-05
L0->L1,1,8.0,1,1.0,8.451906538817494e-05
