line,station,num_numeric,num_categorical,num_date,total_features
0,0,12,0,12,24
0,1,2,4,2,8
0,2,9,18,9,36
0,3,9,18,9,36
0,4,2,6,2,10
0,5,2,0,2,4
0,6,3,10,5,18
0,7,3,0,5,8
0,8,3,0,4,7
0,9,12,39,13,64
0,10,12,39,13,64
0,11,12,26,13,51
0,12,12,0,12,24
0,13,2,0,2,4
0,14,9,18,9,36
0,15,9,9,9,27
0,16,2,6,2,10
0,17,2,0,2,4
0,18,3,10,5,18
0,19,3,0,5,8
0,20,3,0,4,7
0,21,14,45,15,74
0,22,14,45,15,74
0,23,14,30,15,59
1,24,229,660,288,1177
1,25,284,567,333,1184
2,26,14,53,26,93
2,27,14,53,26,93
2,28,14,53,26,93
3,29,53,63,63,179
3,30,68,204,68,340
3,31,4,8,4,16
3,32,1,3,1,5
3,33,10,0,10,20
3,34,4,0,5,9
3,35,8,18,8,34
3,36,8,8,8,24
3,37,4,0,6,10
3,38,3,6,3,12
3,39,4,8,4,16
3,40,8,0,8,16
3,41,14,0,18,32
3,42,0,24,8,32
3,43,8,24,8,40
3,44,8,8,8,24
3,45,5,0,5,10
3,46,0,3,1,4
3,47,11,33,11,55
3,48,6,0,7,13
3,49,7,21,7,35
3,50,7,0,7,14
3,51,4,0,5,9
