transit_stage,parts_count,median_min,p90_min,p95_min,p99_min,mean_min,zero_delta_pct
S29 -> S30,1118314,0.0,6.023787021636963,6.023787021636963,36.10599136352539,3.907493829727173,55.24172996135254
S30 -> S33,1113244,6.023787021636963,12.047574043273926,18.071361541748047,72.21198272705078,13.481468200683594,3.761349713090751
S30 -> S31,38969,0.0,6.019195556640625,6.023787021636963,12.03839111328125,3.213967800140381,51.38699992301573
S31 -> S33,38717,6.019195556640625,12.03839111328125,18.052995681762695,60.178184509277344,12.376840591430664,14.600821344628976
S33 -> S34,1113150,0.0,6.023787021636963,6.023787021636963,6.023787021636963,1.4625661373138428,77.15312401742803
S34 -> S35,549289,0.0,6.023787021636963,6.023787021636963,6.023787021636963,2.0355472564697266,70.2661076409686
S34 -> S36,565863,0.0,6.023787021636963,6.023787021636963,18.052995681762695,3.7373921871185303,50.0509840721164
S35 -> S37,551621,0.0,6.023787021636963,6.023787021636963,12.047574043273926,1.664009690284729,78.21747177863062
S36 -> S37,568630,0.0,6.023787021636963,6.023787021636963,6.023787021636963,0.9939727783203125,85.93109755025236
