line,station,parts_visited,defects,defect_rate,defect_rate_pct,relative_risk
3,32,24543,1106,0.045063765635822844,4.506376563582284,7.754629652581536
1,24,183727,1521,0.008278587251737633,0.8278587251737632,1.4245897402940353
3,38,27142,212,0.007810772971778056,0.7810772971778056,1.3440876687052419
2,26,227011,1695,0.0074665985348727594,0.7466598534872759,1.2848616973193814
2,28,9583,67,0.006991547532088072,0.6991547532088073,1.2031143213354645
2,27,120729,822,0.006808637527023333,0.6808637527023333,1.171638936866011
3,36,569032,3391,0.005959243065416356,0.5959243065416355,1.0254740661371442
3,37,1120394,6556,0.005851512949908693,0.5851512949908693,1.0069357319255074
3,30,1119811,6551,0.0058500943462780775,0.5850094346278077,1.006691616822741
3,29,1119629,6546,0.005846579536614361,0.584657953661436,1.006086783940782
3,35,552108,3177,0.005754308939555305,0.5754308939555305,0.9902087431707768
0,21,81409,461,0.0056627645592010716,0.5662764559201071,0.9744556706876859
0,14,120625,681,0.0056455958549222795,0.564559585492228,0.9715012583917261
0,16,119139,661,0.005548141246778973,0.5548141246778973,0.9547311464530991
0,19,121027,669,0.00552769216786337,0.552769216786337,0.9512122431504231
0,12,242061,1323,0.0054655644651554775,0.5465564465155478,0.9405212296750111
0,13,242065,1323,0.0054654741495052984,0.5465474149505298,0.940505688043967
0,20,242111,1323,0.005464435734022824,0.5464435734022824,0.9403269961974584
0,10,224540,1223,0.005446691012737152,0.5446691012737152,0.9372734621681299
0,23,80290,434,0.005405405405405406,0.5405405405405406,0.9301689827638367
0,18,121081,654,0.00540134290268498,0.540134290268498,0.929469902169594
0,17,123027,662,0.005380932640802426,0.5380932640802426,0.9259576785509448
0,7,335698,1805,0.0053768565794255554,0.5376856579425555,0.9252562647659927
0,4,335295,1800,0.005368406925244934,0.5368406925244934,0.9238022376127221
0,0,673862,3608,0.0053542119899920165,0.5354211989992017,0.9213595552430702
0,3,334708,1792,0.0053539204321378635,0.5353920432137863,0.9213093835996365
0,8,673881,3606,0.005351093145525693,0.5351093145525694,0.9208228605519121
0,1,673904,3606,0.005350910515444336,0.5350910515444336,0.9207914333370674
0,2,339774,1817,0.0053476722762777614,0.5347672276277762,0.9202341930552365
0,5,339512,1811,0.005334126628808407,0.5334126628808407,0.9179032409466588
0,6,338988,1805,0.005324672259785007,0.5324672259785007,0.9162763211954823
0,22,80601,428,0.005310107815039516,0.5310107815039515,0.913770053166097
0,9,225679,1196,0.005299562653148942,0.5299562653148941,0.9119554284019626
0,11,225452,1193,0.005291592001845182,0.5291592001845182,0.9105838286681537
0,15,121445,640,0.005269875252171765,0.5269875252171765,0.9068467829819117
3,43,30551,159,0.005204412294196589,0.520441229419659,0.8955818345716428
3,50,30359,158,0.005204387496294345,0.5204387496294345,0.8955775673173342
3,49,29673,153,0.005156202608431908,0.5156202608431908,0.8872858510137296
3,34,1115118,5718,0.005127708457759627,0.5127708457759627,0.882382541611802
3,41,59913,304,0.005074024001468796,0.5074024001468797,0.8731444526336217
3,40,59914,304,0.0050739393130153215,0.5073939313015321,0.8731298793376869
3,45,59932,304,0.005072415404124675,0.5072415404124675,0.872867643172899
3,47,59955,304,0.005070469518805771,0.5070469518805771,0.8725327927718819
1,25,83658,424,0.005068254082096153,0.5068254082096153,0.8721515576274277
3,39,59908,303,0.005057755224677839,0.5057755224677839,0.8703449009953073
3,48,59923,303,0.005056489161090066,0.5056489161090065,0.8701270351755898
3,51,59853,302,0.005045695286785959,0.5045695286785958,0.8682696116655064
3,33,1114695,5546,0.004975352002117171,0.4975352002117171,0.8561648504797492
3,44,29804,146,0.0048986713192860016,0.48986713192860015,0.8429695418216088
3,31,39003,106,0.002717739661051714,0.2717739661051714,0.4676720701484203
3,42,15,0,0.0,0.0,0.0
3,46,1,0,0.0,0.0,0.0
