line,station,num_numeric,num_categorical,num_date,total_features,total_missing_cells,total_non_null_cells,max_parts_at_station,mean_parts_per_feature,total_possible_cells,cell_missing_rate,station_part_coverage
0,0,12,0,12,24,12237240,16172688,673862,673862.0,28409928,0.43073815604178933,0.5692618439582107
0,1,2,4,2,8,6774260,2695716,673904,336964.5,9469976,0.7153407780547701,0.5692973245127548
0,2,9,18,9,36,36494226,6120666,339774,170018.5,42614892,0.8563726032674212,0.2870326176117025
0,3,9,18,9,36,36590148,6024744,334708,167354.0,42614892,0.8586235065432056,0.2827529869135888
0,4,2,6,2,10,10495905,1341565,335295,134156.5,11837470,0.886667928197495,0.283248869902099
0,5,2,0,2,4,3376940,1358048,339512,339512.0,4734988,0.7131887134666445,0.2868112865333555
0,6,3,10,5,18,18595472,2711974,338988,150665.22222222222,21307446,0.872721770596063,0.28636862437666155
0,7,3,0,5,8,6784392,2685584,335698,335698.0,9469976,0.7164106857292986,0.28358931427070144
0,8,3,0,4,7,3569062,4717167,673881,673881.0,8286229,0.43072210531473365,0.5692778946852664
0,9,12,39,13,64,70104649,5655159,225679,88361.859375,75759808,0.9253541006862108,0.1906480016422428
0,10,12,39,13,64,70130048,5629760,224540,87965.0,75759808,0.9256893576076645,0.1896858027940092
0,11,12,26,13,51,54734641,5636456,225452,110518.74509803922,60371097,0.9066365151522756,0.19045623769268263
0,12,12,0,12,24,22600464,5809464,242061,242061.0,28409928,0.7955128925353138,0.2044871074646863
0,13,2,0,2,4,3766728,968260,242065,242065.0,4734988,0.795509513434881,0.20449048656511906
0,14,9,18,9,36,40442418,2172474,120625,60346.5,42614892,0.9490207789333363,0.10190099742597025
0,15,9,9,9,27,29775150,2186019,121445,80963.66666666667,31961169,0.9316039097318374,0.1025937130146898
0,16,2,6,2,10,11360540,476930,119139,47693.0,11837470,0.9597101407648763,0.10064566161519312
0,17,2,0,2,4,4242880,492108,123027,123027.0,4734988,0.8960698527641464,0.1039301472358536
0,18,3,10,5,18,20338798,968648,121081,53813.77777777778,21307446,0.9545394600554191,0.10228621487530697
0,19,3,0,5,8,8501760,968216,121027,121027.0,9469976,0.8977594029805356,0.10224059701946446
0,20,3,0,4,7,6591452,1694777,242111,242111.0,8286229,0.795470653779904,0.20452934622009603
0,21,14,45,15,74,85234891,2362387,81409,31924.14864864865,87597278,0.9730312738713183,0.06877229678301192
0,22,14,45,15,74,85257509,2339769,80600,31618.5,87597278,0.9732894782415499,0.0680888737204825
0,23,14,30,15,59,67512663,2328410,80290,39464.57627118644,69841073,0.9666613083106556,0.06782699343694218
1,24,229,660,288,1177,1365917705,27352514,132922,23239.1792693288,1393270219,0.9803681198183997,0.11228919693143889
1,25,284,567,333,1184,1391547197,10009251,55466,8453.75929054054,1401556448,0.9928584745806828,0.04685629615112013
2,26,14,53,26,93,94877888,15210583,227011,163554.6559139785,110088471,0.8618330978545429,0.191773242086358
2,27,14,53,26,93,101997782,8090689,120729,86996.6559139785,110088471,0.9265073905877028,0.10198885403722248
2,28,14,53,26,93,109445812,642659,9583,6910.311827956989,110088471,0.9941623405778794,0.008095479861828583
3,29,53,63,63,179,32935273,178955440,1119629,999751.0614525139,211890713,0.15543518889381433,0.9458347096127805
3,30,68,204,68,340,269997286,132476694,1119811,389637.3352941176,402473980,0.670844077920267,0.9459884586824718
3,31,4,8,4,16,18627872,312080,39003,19505.0,18939952,0.9835226615146648,0.03294876354491289
3,32,1,3,1,5,5826425,92310,24543,18462.0,5918735,0.9844037619525118,0.02073331548041938
3,33,10,0,10,20,1381040,22293900,1114695,1114695.0,23674940,0.058333410771051586,0.9416665892289484
3,34,4,0,5,9,617661,10036062,1115118,1115118.0,10653723,0.05797607090028528,0.9420239290997148
3,35,8,18,8,34,31413530,8833868,552108,259819.64705882352,40247398,0.7805108295448069,0.46640709543508874
3,36,8,8,8,24,19305416,9104512,569032,379354.6666666667,28409928,0.6795306204225509,0.48070406936617366
3,37,4,0,6,10,633530,11203940,1120394,1120394.0,11837470,0.053519037429450717,0.9464809625705493
3,38,3,6,3,12,14042094,162870,27142,13572.5,14204964,0.9885342898440291,0.022928885986617072
3,39,4,8,4,16,18460664,479288,59908,29955.5,18939952,0.9746943392464775,0.05060878718172042
3,40,8,0,8,16,17981400,958552,59914,59909.5,18939952,0.9493899456556173,0.05061385583236959
3,41,14,0,18,32,35962688,1917216,59913,59913.0,37879904,0.9493869889427387,0.05061301105726139
3,42,0,24,8,32,37879652,252,15,7.875,37879904,0.999993347396023,1.267162662291858e-05
3,43,8,24,8,40,46856624,493256,30551,12331.4,47349880,0.9895827402308095,0.02580872433045237
3,44,8,8,8,24,27916320,493608,29804,20567.0,28409928,0.9826255103497622,0.025177677324631022
3,45,5,0,5,10,11238150,599320,59932,59932.0,11837470,0.9493709382156829,0.050629061784317086
3,46,0,3,1,4,4734986,2,1,0.5,4734988,0.999999577612446,8.44775108194572e-07
3,47,11,33,11,55,63127570,1978515,59955,35973.0,65106085,0.9696109050329167,0.05064849161180556
3,48,6,0,7,13,14609712,778999,59923,59923.0,15388711,0.9493785411916567,0.05062145880834334
3,49,7,21,7,35,41014970,416175,29673,11890.714285714286,41431145,0.989955020552775,0.025067011785457536
3,50,7,0,7,14,16147432,425026,30359,30359.0,16572458,0.974353472490321,0.02564652750967901
3,51,4,0,5,9,10115046,538677,59853,59853.0,10653723,0.9494376754492303,0.05056232455076972
