line,station,col_name,non_null_count,missing_rate
0.0,0,L0_S0_F0,673862,0.43073815604178933
0.0,1,L0_S1_F28,673904,0.43070267548724517
0.0,2,L0_S2_F32,339774,0.7129673823882975
0.0,3,L0_S3_F68,334708,0.7172470130864113
0.0,4,L0_S4_F104,335295,0.716751130097901
0.0,5,L0_S5_F114,339512,0.7131887134666445
0.0,6,L0_S6_F118,338988,0.7136313756233384
0.0,7,L0_S7_F136,335698,0.7164106857292986
0.0,8,L0_S8_F144,673881,0.43072210531473365
0.0,9,L0_S9_F160,225678,0.8093528431328654
0.0,10,L0_S10_F224,224540,0.8103141972059908
0.0,11,L0_S11_F282,225452,0.8095437623073174
0.0,12,L0_S12_F330,242061,0.7955128925353138
0.0,13,L0_S13_F354,242065,0.795509513434881
0.0,14,L0_S14_F358,120625,0.8980990025740297
0.0,15,L0_S15_F394,121445,0.8974062869853102
0.0,16,L0_S16_F421,119139,0.8993543383848069
0.0,17,L0_S17_F431,123027,0.8960698527641464
0.0,18,L0_S18_F435,121081,0.897713785124693
0.0,19,L0_S19_F453,121027,0.8977594029805356
0.0,20,L0_S20_F461,242111,0.795470653779904
0.0,21,L0_S21_F477,81409,0.9312277032169881
0.0,22,L0_S22_F551,80599,0.9319119710546256
0.0,23,L0_S23_F619,80290,0.9321730065630578
1.0,24,L1_S24_F1829,132922,0.8877108030685611
1.0,25,L1_S25_F1855,55466,0.9531437038488799
2.0,26,L2_S26_F3036,227011,0.8082267579136421
2.0,27,L2_S27_F3129,120729,0.8980111459627775
2.0,28,L2_S28_F3222,9583,0.9919045201381714
3.0,29,L3_S29_F3315,1119629,0.05416529038721957
3.0,30,L3_S30_F3724,1119811,0.05401154131752815
3.0,31,L3_S31_F3834,39003,0.9670512364550871
3.0,32,L3_S32_F3850,24543,0.9792666845195807
3.0,33,L3_S33_F3855,1114695,0.058333410771051586
3.0,34,L3_S34_F3876,1115118,0.05797607090028528
3.0,35,L3_S35_F3898,552108,0.5335929045649113
3.0,36,L3_S36_F3926,569032,0.5192959306338263
3.0,37,L3_S37_F3944,1120394,0.053519037429450717
3.0,38,L3_S38_F3952,27142,0.977071114013383
3.0,39,L3_S39_F3964,59908,0.9493912128182795
3.0,40,L3_S40_F3984,59914,0.9493861441676305
3.0,41,L3_S41_F3996,59913,0.9493869889427387
3.0,43,L3_S43_F4060,30551,0.9741912756695477
3.0,44,L3_S44_F4100,29804,0.974822322675369
3.0,45,L3_S45_F4124,59932,0.9493709382156829
3.0,47,L3_S47_F4138,59955,0.9493515083881945
3.0,48,L3_S48_F4193,59923,0.9493785411916567
3.0,49,L3_S49_F4216,29673,0.9749329882145424
3.0,50,L3_S50_F4241,30359,0.974353472490321
3.0,51,L3_S51_F4256,59853,0.9494376754492303
