week_idx,total_factory_parts,Line_0,Line_1,Line_2,Line_3,week_start_unit,week_end_unit
0,15435,13394,17,1521,12298,0.0,16.75
1,6665,6647,18,1267,6245,16.75,33.5
2,7234,7223,16,424,8461,33.5,50.25
3,9790,9775,15,468,9975,50.25,67.0
4,11784,11774,10,1122,10362,67.0,83.75
5,5262,5253,9,273,8022,83.75,100.5
6,9753,9743,10,30,9554,100.5,117.25
7,6675,6670,5,110,6012,117.25,134.0
8,7162,7146,16,196,7223,134.0,150.75
9,9450,9433,17,62,10405,150.75,167.5
10,14019,13995,24,516,12540,167.5,184.25
11,17171,17148,23,231,17304,184.25,201.0
12,9780,9776,4,142,10742,201.0,217.75
13,13616,13612,4,225,13046,217.75,234.5
14,16161,16136,30,569,15865,234.5,251.25
15,19387,19360,66,621,18758,251.25,268.0
16,16007,15984,53,1182,15458,268.0,284.75
17,10044,10025,19,725,10660,284.75,301.5
18,4191,4157,40,140,5087,301.5,318.25
19,11796,11683,119,152,12004,318.25,335.0
20,15982,14273,1882,1601,13980,335.0,351.75
21,10957,8247,2710,451,8109,351.75,368.5
22,16742,8906,7836,1066,7888,368.5,385.25
23,12275,5129,7148,1391,6622,385.25,402.0
24,6113,1717,4407,6965,5774,402.0,418.75
25,2803,0,2733,6135,8052,418.75,435.5
26,2698,0,2657,2295,3091,435.5,452.25
27,7744,0,7722,4075,5961,452.25,469.0
28,9293,5565,2965,3900,10179,469.0,485.75
29,4693,4651,20,1078,12608,485.75,502.5
30,8922,8889,19,0,15224,502.5,519.25
31,12366,12353,44,0,10121,519.25,536.0
32,8455,8432,99,0,8031,536.0,552.75
33,22753,22734,23,0,22606,552.75,569.5
34,18867,18763,104,0,19017,569.5,586.25
35,9853,9838,28,11,9356,586.25,603.0
36,14014,13942,78,610,15796,603.0,619.75
37,12862,12758,104,3210,12929,619.75,636.5
38,8809,8175,640,545,8420,636.5,653.25
39,8718,6788,1930,251,7635,653.25,670.0
40,27625,12711,14914,752,12149,670.0,686.75
41,25980,13524,12503,4072,12997,686.75,703.5
42,15868,2303,13557,12280,14750,703.5,720.25
43,6057,0,6077,12996,12419,720.25,737.0
44,11589,0,11708,16838,16770,737.0,753.75
45,12204,0,12190,11301,14376,753.75,770.5
46,10211,0,10192,17441,18135,770.5,787.25
47,12562,0,12545,14498,17569,787.25,804.0
48,10779,3140,7666,10876,14278,804.0,820.75
49,14944,14913,37,4587,14707,820.75,837.5
50,4681,4674,7,2884,2806,837.5,854.25
51,4,0,4,0,0,854.25,871.0
52,8986,8982,4,7136,9917,871.0,887.75
53,16324,16262,62,11260,16750,887.75,904.5
54,13564,13386,184,12514,15458,904.5,921.25
55,15249,15195,55,8089,13330,921.25,938.0
56,16391,15673,720,13716,15635,938.0,954.75
57,20895,13851,7126,3908,15645,954.75,971.5
58,27213,11517,15813,11573,16648,971.5,988.25
59,20983,0,20968,16153,16825,988.25,1005.0
60,8581,0,8552,16447,14702,1005.0,1021.75
61,13706,0,13688,9596,10819,1021.75,1038.5
62,12251,0,12237,11215,8818,1038.5,1055.25
63,2081,0,2084,11830,13229,1055.25,1072.0
64,46,0,24,8942,13214,1072.0,1088.75
65,13299,13232,66,25,13058,1088.75,1105.5
66,13581,13378,230,923,14085,1105.5,1122.25
67,14499,11820,2680,3748,9608,1122.25,1139.0
68,19298,13841,5465,621,15045,1139.0,1155.75
69,21805,13173,8629,7307,15415,1155.75,1172.5
70,13993,0,13997,14661,14630,1172.5,1189.25
71,3539,0,4243,11716,15171,1189.25,1206.0
72,12555,12526,24,107,15527,1206.0,1222.75
73,11877,11842,35,692,10439,1222.75,1239.5
74,10903,9942,1010,2240,9396,1239.5,1256.25
75,12782,11518,1268,3059,10954,1256.25,1273.0
76,3652,3650,6,186,4414,1273.0,1289.75
77,10009,10000,9,3527,12907,1289.75,1306.5
78,5890,5853,7,493,6222,1306.5,1323.25
79,7937,7884,9,459,8056,1323.25,1340.0
80,6199,6187,12,287,5835,1340.0,1356.75
81,14811,14802,9,2725,13961,1356.75,1373.5
82,22199,22184,94,1604,22789,1373.5,1390.25
83,20134,20119,870,1935,19013,1390.25,1407.0
84,16242,16217,159,1057,18328,1407.0,1423.75
85,18091,18016,149,157,17622,1423.75,1440.5
86,16517,16251,279,766,17006,1440.5,1457.25
87,9753,9741,28,505,9590,1457.25,1474.0
88,5183,5159,23,37,6349,1474.0,1490.75
89,7035,7024,23,111,5615,1490.75,1507.5
90,9876,9869,7,47,9382,1507.5,1524.25
91,5989,5988,3,88,7047,1524.25,1541.0
92,9406,9396,16,415,8796,1541.0,1557.75
93,9080,9071,9,506,9404,1557.75,1574.5
94,10955,10955,0,747,11125,1574.5,1591.25
95,9870,9870,0,789,9336,1591.25,1608.0
96,8053,8046,7,122,9086,1608.0,1624.75
97,12434,12424,37,351,13491,1624.75,1641.5
98,11688,11678,480,112,10293,1641.5,1658.25
99,11157,10695,465,80,10885,1658.25,1675.0
100,1588,1243,344,300,1584,1675.0,1691.75
101,3918,3918,0,50,2548,1691.75,1708.5
102,2293,2292,0,0,5780,1708.5,1725.25
