pr_auc,roc_auc,mcc,optimal_threshold,recall_at_1pct,recall_at_5pct,lift_at_1pct,brier_score,model,fold
0.17502,0.35041,0.0,0.13349,0.01273,0.07211,1.27,0.102665,Constant Prevalence,1
0.23742,0.73075,0.22576,0.008,0.03181,0.13256,3.18,0.113514,Recent Defect Rate Only,1
0.22792,0.71109,0.21149,0.52086,0.02651,0.12831,2.65,0.245146,Logistic Regression,1
0.22856,0.70645,0.21149,0.5349,0.02969,0.1368,2.97,0.226922,Shallow Non-Linear,1
0.22824,0.70562,0.20763,0.17119,0.02545,0.13786,2.55,0.09735,PyTorch Defect MLP (Calibrated),1
0.04761,0.59894,0.0,0.12918,0.00468,0.02576,0.47,0.061122,Constant Prevalence,2
0.21283,0.80373,0.25156,0.006,0.08197,0.22717,8.2,0.058966,Recent Defect Rate Only,2
0.20304,0.77457,0.21849,0.41048,0.07963,0.21311,7.96,0.14469,Logistic Regression,2
0.19231,0.76309,0.22563,0.44024,0.06792,0.20609,6.79,0.120771,Shallow Non-Linear,2
0.20206,0.77204,0.22532,0.08705,0.0726,0.21311,7.26,0.054395,PyTorch Defect MLP (Calibrated),2
0.07729,0.5167,0.0,0.11706,0.00405,0.03779,0.4,0.074825,Constant Prevalence,3
0.27339,0.7916,0.27108,0.022,0.06748,0.24831,6.75,0.077775,Recent Defect Rate Only,3
0.26756,0.77343,0.26838,0.63851,0.06478,0.24561,6.48,0.15405,Logistic Regression,3
0.27095,0.78177,0.26712,0.77854,0.06613,0.24157,6.61,0.135678,Shallow Non-Linear,3
0.26796,0.77942,0.26487,0.3355,0.07018,0.23752,7.02,0.066375,PyTorch Defect MLP (Calibrated),3
