feature,mean_prauc_drop,std_prauc_drop
branch,0.0,0.0
transit_29_30,0.0,0.0
transit_30_33,0.0,0.0
transit_33_34,0.0,0.0
transit_34_branch,0.0,0.0
s29_throughput_1h,0.0,0.0
recent_defect_rate,0.0,0.0
L3_S29_F3315,0.0,0.0
L3_S29_F3318,0.0,0.0
L3_S29_F3321,0.0,0.0
L3_S29_F3324,0.0,0.0
L3_S29_F3327,0.0,0.0
L3_S29_F3330,0.0,0.0
L3_S29_F3333,0.0,0.0
L3_S29_F3336,0.0,0.0
L3_S29_F3339,0.0,0.0
L3_S29_F3342,0.0,0.0
L3_S29_F3345,0.0,0.0
L3_S29_F3348,0.0,0.0
L3_S29_F3351,0.0,0.0
L3_S29_F3354,0.0,0.0
L3_S29_F3357,0.0,0.0
L3_S29_F3367,0.0,0.0
L3_S29_F3370,0.0,0.0
L3_S30_F3774,0.0,0.0
L3_S30_F3764,0.0,0.0
L3_S30_F3769,0.0,0.0
L3_S30_F3804,0.0,0.0
L3_S30_F3809,0.0,0.0
L3_S30_F3784,0.0,0.0
L3_S30_F3799,0.0,0.0
L3_S30_F3794,0.0,0.0
L3_S30_F3819,0.0,0.0
L3_S30_F3829,0.0,0.0
L3_S33_F3855,0.0,0.0
L3_S33_F3857,0.0,0.0
L3_S33_F3859,0.0,0.0
L3_S33_F3861,0.0,0.0
L3_S33_F3863,0.0,0.0
L3_S33_F3865,0.0,0.0
L3_S36_F3922,0.0,0.0
L3_S36_F3918,0.0,0.0
L3_S36_F3920,0.0,0.0
L3_S35_F3889,0.0,0.0
L3_S35_F3896,0.0,0.0
L3_S29_F3324_isna,0.0,0.0
L3_S29_F3315_isna,0.0,0.0
L3_S29_F3318_isna,0.0,0.0
L3_S29_F3321_isna,0.0,0.0
L3_S29_F3330_isna,0.0,0.0
L3_S29_F3327_isna,0.0,0.0
L3_S29_F3333_isna,0.0,0.0
L3_S29_F3336_isna,0.0,0.0
L3_S30_F3799_isna,0.0,0.0
L3_S29_F3339_isna,0.0,0.0
L3_S29_F3342_isna,0.0,0.0
L3_S29_F3345_isna,0.0,0.0
L3_S29_F3348_isna,0.0,0.0
L3_S29_F3351_isna,0.0,0.0
L3_S29_F3354_isna,0.0,0.0
L3_S29_F3357_isna,0.0,0.0
L3_S29_F3367_isna,0.0,0.0
L3_S29_F3370_isna,0.0,0.0
L3_S30_F3774_isna,0.0,0.0
L3_S30_F3764_isna,0.0,0.0
L3_S30_F3769_isna,0.0,0.0
L3_S30_F3804_isna,0.0,0.0
L3_S30_F3809_isna,0.0,0.0
L3_S30_F3784_isna,0.0,0.0
L3_S33_F3863_isna,0.0,0.0
L3_S30_F3794_isna,0.0,0.0
L3_S30_F3819_isna,0.0,0.0
L3_S30_F3829_isna,0.0,0.0
L3_S33_F3855_isna,0.0,0.0
L3_S33_F3857_isna,0.0,0.0
L3_S33_F3859_isna,0.0,0.0
L3_S33_F3861_isna,0.0,0.0
L3_S36_F3920_isna,0.0,0.0
L3_S33_F3865_isna,0.0,0.0
L3_S36_F3924_isna,0.0,0.0
L3_S36_F3922_isna,0.0,0.0
L3_S35_F3889_isna,0.0,0.0
L3_S36_F3918_isna,0.0,0.0
L3_S35_F3896_isna,0.0,0.0
L3_S36_F3924,-0.005575055534981145,0.0008938596240114713
